Volume;Sphericity;Surface Area;Target;Target_Names
0.01;0.24;0.61;0;Top
0.01;0.28;0.64;0;Top
0.01;0.25;0.64;0;Top
0.01;0.31;0.47;0;Top
0.01;0.53;0.39;0;Top
0.03;0.23;1.8;0;Top
0.01;0.26;0.73;0;Top
0.01;0.29;0.49;0;Top
0.01;0.23;0.84;0;Top
0.01;0.24;1.16;0;Top
0.01;0.23;1.01;0;Top
0.02;0.23;1.28;0;Top
0.01;0.3;0.52;0;Top
0.01;0.28;0.51;0;Top
0.01;0.27;0.61;0;Top
0.01;0.27;0.67;0;Top
0.01;0.26;0.54;0;Top
0.01;0.23;0.92;0;Top
0.01;0.24;0.59;0;Top
0.02;0.24;1.29;0;Top
0.01;0.31;0.86;0;Top
0.01;0.27;0.62;0;Top
0.01;0.28;0.51;0;Top
0.01;0.24;0.75;0;Top
0.01;0.28;0.55;0;Top
0.01;0.22;0.73;0;Top
0.01;0.22;0.71;0;Top
0.01;0.22;1.34;0;Top
0.01;0.23;1.24;0;Top
0.01;0.26;0.82;0;Top
0.01;0.27;0.59;0;Top
0.01;0.24;0.74;0;Top
0.01;0.24;0.65;0;Top
0.01;0.26;0.63;0;Top
0.01;0.23;0.63;0;Top
0.03;0.24;2.14;0;Top
0.01;0.25;0.58;0;Top
0.01;0.24;0.63;0;Top
0.01;0.29;0.55;0;Top
0.02;0.24;1.71;0;Top
0.01;0.25;0.61;0;Top
0.02;0.24;1.39;0;Top
0.01;0.28;0.58;0;Top
0.01;0.26;0.59;0;Top
0.01;0.27;0.54;0;Top
0.01;0.27;0.53;0;Top
0.01;0.25;0.58;0;Top
0.01;0.24;0.66;0;Top
0.01;0.23;0.86;0;Top
0.01;0.26;0.57;0;Top
0.01;0.25;0.62;0;Top
0.03;0.23;2.05;0;Top
0.01;0.23;0.62;0;Top
0.01;0.26;0.75;0;Top
0.01;0.26;0.54;0;Top
0.01;0.29;0.57;0;Top
0.2;0.2;8.32;0;Top
0.01;0.24;0.66;0;Top
0.01;0.21;1.05;0;Top
0.01;0.23;1.03;0;Top
0.02;0.23;1.33;0;Top
0.02;0.23;1.28;0;Top
0.01;0.24;0.67;0;Top
0.01;0.21;1.29;0;Top
0.01;0.22;0.77;0;Top
0.01;0.21;0.74;0;Top
0.01;0.31;0.72;0;Top
0.01;0.29;0.49;0;Top
0.01;0.33;0.46;0;Top
0.02;0.37;0.8;0;Top
0.02;0.23;1.37;0;Top
0.01;0.25;0.8;0;Top
0.02;0.21;1.91;0;Top
0.01;0.24;0.77;0;Top
0.02;0.23;1.39;0;Top
0.01;0.27;0.52;0;Top
0.01;0.25;0.57;0;Top
0.01;0.28;0.54;0;Top
0.01;0.28;0.57;0;Top
0.01;0.27;0.53;0;Top
0.01;0.25;0.74;0;Top
0.01;0.25;0.94;0;Top
0.01;0.31;0.5;0;Top
0.01;0.25;0.7;0;Top
0.01;0.23;0.79;0;Top
0.01;0.25;0.6;0;Top
0.01;0.29;0.52;0;Top
0.01;0.26;0.58;0;Top
0.01;0.26;0.55;0;Top
0.01;0.29;0.6;0;Top
0.01;0.25;0.82;0;Top
0.01;0.22;1.17;0;Top
0.01;0.23;0.76;0;Top
0.01;0.26;0.99;0;Top
0.01;0.24;0.78;0;Top
0.01;0.28;0.56;0;Top
0.01;0.27;0.58;0;Top
0.01;0.29;0.51;0;Top
0.02;0.23;1.45;0;Top
0.01;0.29;0.51;0;Top
0.01;0.35;0.56;0;Top
0.01;0.24;0.6;0;Top
0.01;0.27;0.58;0;Top
0.01;0.24;0.63;0;Top
0.01;0.24;0.71;0;Top
0.01;0.28;0.52;0;Top
0.01;0.25;0.74;0;Top
0.02;0.24;1.26;0;Top
0.01;0.23;0.89;0;Top
0.01;0.26;0.55;0;Top
0.01;0.25;0.72;0;Top
0.01;0.28;0.59;0;Top
0.01;0.25;0.66;0;Top
0.01;0.28;0.63;0;Top
0.01;0.25;0.56;0;Top
0.01;0.26;0.79;0;Top
0.01;0.26;0.56;0;Top
0.02;0.24;1.53;0;Top
0.02;0.22;1.69;0;Top
0.01;0.23;0.72;0;Top
0.01;0.25;0.67;0;Top
0.01;0.26;0.85;0;Top
0.01;0.28;0.51;0;Top
0.01;0.23;0.68;0;Top
0.01;0.21;0.77;0;Top
0.01;0.27;0.61;0;Top
0.01;0.22;0.73;0;Top
0.01;0.22;0.89;0;Top
0.01;0.26;0.88;0;Top
0.01;0.22;0.7;0;Top
0.01;0.24;0.71;0;Top
0.01;0.26;0.61;0;Top
0.01;0.28;0.56;0;Top
0.01;0.29;0.6;0;Top
0.01;0.32;0.52;0;Top
0.01;0.24;0.64;0;Top
0.03;0.24;1.86;0;Top
0.02;0.26;1.35;0;Top
0.01;0.23;0.62;0;Top
0.01;0.24;0.68;0;Top
0.01;0.26;0.58;0;Top
0.01;0.27;0.57;0;Top
0.01;0.27;0.57;0;Top
0.01;0.31;0.47;0;Top
0.01;0.24;0.61;0;Top
0.01;0.22;0.75;0;Top
0.01;0.25;0.58;0;Top
0.01;0.25;0.68;0;Top
0.01;0.26;0.59;0;Top
0.01;0.25;1.02;0;Top
0.01;0.31;0.47;0;Top
0.01;0.27;0.56;0;Top
0.01;0.31;0.46;0;Top
0.01;0.3;0.49;0;Top
0.01;0.25;0.91;0;Top
0.01;0.25;0.81;0;Top
0.01;0.27;0.66;0;Top
0.01;0.26;0.54;0;Top
0.01;0.26;0.79;0;Top
0.01;0.24;0.72;0;Top
0.01;0.27;0.63;0;Top
0.01;0.27;0.58;0;Top
0.01;0.28;0.77;0;Top
0.02;0.25;1.17;0;Top
0.03;0.24;1.72;0;Top
0.01;0.27;0.6;0;Top
0.01;0.23;0.76;0;Top
0.01;0.24;0.65;0;Top
0.01;0.29;0.5;0;Top
0.01;0.3;0.48;0;Top
0.01;0.26;1.04;0;Top
0.01;0.26;0.59;0;Top
0.01;0.28;0.57;0;Top
0.01;0.28;0.53;0;Top
0.01;0.25;0.75;0;Top
0.01;0.27;0.57;0;Top
0.01;0.24;0.59;0;Top
0.01;0.22;0.96;0;Top
0.04;0.24;2.37;0;Top
0.01;0.3;0.52;0;Top
0.01;0.28;0.53;0;Top
0.01;0.24;0.68;0;Top
0.01;0.22;1.13;0;Top
0.01;0.26;0.58;0;Top
0.01;0.27;0.58;0;Top
0.01;0.23;0.67;0;Top
0.01;0.25;0.56;0;Top
0.01;0.2;1.36;0;Top
0.01;0.29;0.54;0;Top
0.01;0.25;0.74;0;Top
0.01;0.22;0.7;0;Top
0.01;0.24;0.67;0;Top
0.01;0.26;0.54;0;Top
0.01;0.28;0.55;0;Top
0.01;0.23;0.63;0;Top
0.01;0.3;0.51;0;Top
0.01;0.26;0.63;0;Top
0.01;0.27;0.82;0;Top
0.01;0.26;0.56;0;Top
0.01;0.26;0.64;0;Top
0.01;0.3;0.48;0;Top
0.01;0.25;0.6;0;Top
0.01;0.29;0.49;0;Top
0.01;0.21;0.96;0;Top
0.01;0.4;0.48;0;Top
0.04;0.22;2.49;0;Top
0.01;0.32;0.47;0;Top
0.01;0.27;0.54;0;Top
0.01;0.29;0.51;0;Top
0.01;0.27;0.59;0;Top
0.01;0.24;1.15;0;Top
0.01;0.24;0.81;0;Top
0.01;0.24;0.71;0;Top
0.01;0.23;0.61;0;Top
0.01;0.24;0.73;0;Top
0.02;0.24;1.22;0;Top
0.01;0.29;0.81;0;Top
0.01;0.25;0.79;0;Top
0.01;0.23;1.12;0;Top
0.01;0.22;0.86;0;Top
0.01;0.25;0.69;0;Top
0.01;0.28;0.51;0;Top
0.01;0.26;0.67;0;Top
0.01;0.29;0.54;0;Top
0.01;0.22;1;0;Top
0.01;0.26;0.76;0;Top
0.01;0.27;0.54;0;Top
0.01;0.23;0.77;0;Top
0.01;0.24;0.59;0;Top
0.01;0.28;0.52;0;Top
0.01;0.29;0.53;0;Top
0.01;0.28;0.6;0;Top
0.01;0.25;0.63;0;Top
0.01;0.26;0.82;0;Top
0.03;0.24;1.86;0;Top
0.01;0.24;0.98;0;Top
0.01;0.28;0.81;0;Top
0.01;0.28;0.52;0;Top
0.01;0.24;0.91;0;Top
0.01;0.26;0.65;0;Top
0.01;0.25;0.62;0;Top
0.02;0.23;1.62;0;Top
0.01;0.25;0.66;0;Top
0.01;0.26;0.57;0;Top
0.01;0.24;0.99;0;Top
0.01;0.31;0.79;0;Top
0.01;0.27;0.56;0;Top
0.01;0.26;0.56;0;Top
0.01;0.28;0.52;0;Top
0.02;0.28;1.43;0;Top
0.01;0.23;1.16;0;Top
0.01;0.24;0.82;0;Top
0.01;0.31;0.49;0;Top
0.01;0.26;0.59;0;Top
0.01;0.25;0.64;0;Top
0.02;0.22;1.57;0;Top
0.01;0.28;0.53;0;Top
0.01;0.26;0.83;0;Top
0.01;0.28;0.65;0;Top
0.01;0.24;0.7;0;Top
0.01;0.3;0.48;0;Top
0.02;0.22;1.5;0;Top
0.01;0.25;0.86;0;Top
0.14;0.23;5.81;0;Top
0.01;0.23;1.05;0;Top
0.01;0.21;0.76;0;Top
0.09;0.22;4.45;0;Top
0.01;0.27;0.66;0;Top
0.02;0.24;1.53;0;Top
0.01;0.25;0.83;0;Top
0.01;0.23;0.68;0;Top
0.01;0.29;0.53;0;Top
0.01;0.23;0.73;0;Top
0.01;0.23;0.89;0;Top
0.01;0.24;0.72;0;Top
0.01;0.27;0.53;0;Top
0.01;0.24;0.63;0;Top
0.01;0.29;0.49;0;Top
0.01;0.26;0.6;0;Top
0.01;0.23;0.86;0;Top
0.01;0.27;0.69;0;Top
0.01;0.24;0.8;0;Top
0.01;0.26;0.68;0;Top
0.01;0.25;0.83;0;Top
0.01;0.26;0.57;0;Top
0.01;0.23;0.67;0;Top
0.01;0.25;0.57;0;Top
0.01;0.23;1.26;0;Top
0.04;0.22;2.4;0;Top
0.01;0.24;0.83;0;Top
0.01;0.23;1.1;0;Top
0.01;0.25;0.62;0;Top
0.01;0.24;0.62;0;Top
0.01;0.29;0.67;0;Top
0.01;0.26;0.9;0;Top
0.02;0.2;1.73;0;Top
0.01;0.3;0.47;0;Top
0.01;0.27;0.55;0;Top
0.01;0.24;0.82;0;Top
0.01;0.24;0.82;0;Top
0.01;0.29;0.56;0;Top
0.01;0.26;0.84;0;Top
0.01;0.33;0.48;0;Top
0.01;0.26;0.55;0;Top
0.01;0.27;0.56;0;Top
0.01;0.29;0.6;0;Top
0.01;0.24;0.63;0;Top
0.01;0.23;1.1;0;Top
0.01;0.26;0.67;0;Top
0.01;0.26;0.56;0;Top
0.01;0.24;0.88;0;Top
0.01;0.24;0.63;0;Top
0.01;0.27;0.51;0;Top
0.01;0.26;0.61;0;Top
0.01;0.23;0.92;0;Top
0.01;0.28;0.63;0;Top
0.01;0.28;0.51;0;Top
0.02;0.22;1.62;0;Top
0.01;0.26;0.6;0;Top
0.01;0.51;0.41;0;Top
0.01;0.23;0.84;0;Top
0.01;0.24;0.84;0;Top
0.01;0.25;0.85;0;Top
0.01;0.25;0.57;0;Top
0.01;0.28;0.51;0;Top
0.04;0.2;2.79;0;Top
0.01;0.24;0.6;0;Top
0.01;0.25;0.6;0;Top
0.01;0.28;0.55;0;Top
0.01;0.26;0.57;0;Top
0.01;0.27;0.85;0;Top
0.01;0.25;0.71;0;Top
0.02;0.23;1.5;0;Top
0.01;0.24;0.59;0;Top
0.01;0.25;0.7;0;Top
0.01;0.26;0.58;0;Top
0.05;0.19;3.51;0;Top
0.01;0.26;0.56;0;Top
0.01;0.27;0.58;0;Top
0.01;0.25;0.57;0;Top
0.01;0.31;0.48;0;Top
0.01;0.22;0.68;0;Top
0.01;0.25;0.58;0;Top
0.01;0.27;0.64;0;Top
0.01;0.27;0.63;0;Top
0.02;0.28;1.27;0;Top
0.01;0.29;0.64;0;Top
0.01;0.27;0.78;0;Top
0.02;0.23;1.74;0;Top
0.01;0.26;0.56;0;Top
0.01;0.25;0.63;0;Top
0.01;0.26;0.7;0;Top
0.07;0.18;4.49;0;Top
0.01;0.24;0.6;0;Top
0.01;0.26;0.73;0;Top
0.01;0.29;0.54;0;Top
0.01;0.25;0.56;0;Top
0.01;0.27;0.56;0;Top
0.01;0.23;0.62;0;Top
0.01;0.26;0.57;0;Top
0.01;0.31;0.47;0;Top
0.01;0.24;1.09;0;Top
0.01;0.29;0.5;0;Top
0.01;0.26;0.7;0;Top
0.01;0.24;0.76;0;Top
0.01;0.28;0.58;0;Top
0.01;0.25;0.74;0;Top
0.01;0.27;0.56;0;Top
0.01;0.27;0.54;0;Top
0.01;0.31;0.46;0;Top
0.01;0.28;0.59;0;Top
0.02;0.25;1.34;0;Top
0.01;0.29;0.62;0;Top
0.01;0.24;0.62;0;Top
0.01;0.25;0.63;0;Top
0.01;0.27;0.56;0;Top
0.01;0.27;0.69;0;Top
0.01;0.24;0.77;0;Top
0.05;0.23;2.78;0;Top
0.01;0.29;0.48;0;Top
0.01;0.23;0.93;0;Top
0.01;0.22;0.9;0;Top
0.01;0.24;0.6;0;Top
0.01;0.26;0.61;0;Top
0.01;0.31;0.49;0;Top
0.01;0.37;0.39;0;Top
0.01;0.31;0.46;0;Top
0.01;0.22;0.88;0;Top
0.01;0.26;0.61;0;Top
0.01;0.29;0.54;0;Top
0.01;0.24;0.81;0;Top
0.01;0.26;0.65;0;Top
0.03;0.2;2.4;0;Top
0.01;0.24;0.67;0;Top
0.03;0.24;1.71;0;Top
0.01;0.27;0.68;0;Top
0.01;0.26;0.59;0;Top
0.01;0.31;0.49;0;Top
0.01;0.3;0.48;0;Top
0.01;0.28;0.61;0;Top
0.01;0.23;1.26;0;Top
0.01;0.27;0.62;0;Top
0.01;0.23;0.65;0;Top
0.01;0.3;0.48;0;Top
0.02;0.22;1.84;0;Top
0.01;0.26;0.58;0;Top
0.01;0.25;0.63;0;Top
0.03;0.27;1.58;0;Top
0.01;0.26;0.69;0;Top
0.01;0.25;0.6;0;Top
0.02;0.21;1.44;0;Top
0.02;0.24;1.57;0;Top
0.01;0.22;0.74;0;Top
0.02;0.23;1.53;0;Top
0.01;0.31;0.46;0;Top
0.01;0.26;0.58;0;Top
0.01;0.25;0.65;0;Top
0.01;0.26;0.55;0;Top
0.01;0.26;0.55;0;Top
0.01;0.25;0.85;0;Top
0.01;0.28;0.73;0;Top
0.01;0.22;1.12;0;Top
0.01;0.29;0.57;0;Top
0.01;0.26;0.57;0;Top
0.01;0.25;0.7;0;Top
0.01;0.25;0.58;0;Top
0.01;0.28;0.53;0;Top
0.01;0.22;0.95;0;Top
0.01;0.28;0.7;0;Top
0.01;0.27;0.58;0;Top
0.01;0.27;0.99;0;Top
0.01;0.27;0.6;0;Top
0.01;0.22;0.84;0;Top
0.81;0.24;17.38;0;Top
0.01;0.26;0.71;0;Top
0.01;0.25;0.77;0;Top
0.01;0.22;1.18;0;Top
0.01;0.25;0.9;0;Top
0.01;0.27;0.53;0;Top
0.07;0.17;4.67;0;Top
0.01;0.27;0.78;0;Top
0.01;0.23;0.97;0;Top
0.01;0.29;0.55;0;Top
0.01;0.27;0.55;0;Top
0.01;0.24;0.8;0;Top
0.01;0.23;0.77;0;Top
0.01;0.28;0.51;0;Top
0.01;0.31;0.48;0;Top
0.01;0.24;0.76;0;Top
0.01;0.26;0.55;0;Top
0.04;0.27;2;0;Top
0.01;0.22;0.91;0;Top
0.01;0.25;0.57;0;Top
0.01;0.32;0.83;0;Top
0.01;0.27;0.6;0;Top
0.04;0.22;2.67;0;Top
0.02;0.26;1.17;0;Top
0.01;0.23;0.91;0;Top
0.05;0.26;2.51;0;Top
0.01;0.28;0.78;0;Top
0.01;0.27;0.56;0;Top
0.01;0.28;0.52;0;Top
0.01;0.28;0.52;0;Top
0.04;0.26;2.19;0;Top
0.01;0.31;0.84;0;Top
0.01;0.27;0.54;0;Top
0.01;0.27;0.65;0;Top
0.01;0.24;0.77;0;Top
0.01;0.27;0.59;0;Top
0.01;0.22;1.26;0;Top
0.01;0.26;0.68;0;Top
0.01;0.26;0.65;0;Top
0.01;0.27;0.75;0;Top
0.01;0.22;0.87;0;Top
0.01;0.31;0.53;0;Top
0.01;0.23;0.68;0;Top
0.02;0.25;1.52;0;Top
0.01;0.25;0.59;0;Top
0.01;0.3;0.48;0;Top
0.01;0.25;0.77;0;Top
0.01;0.28;0.73;0;Top
0.01;0.23;0.83;0;Top
0.14;0.25;5.05;0;Top
0.01;0.29;0.54;0;Top
0.01;0.26;0.67;0;Top
0.01;0.24;0.7;0;Top
0.08;0.22;3.9;0;Top
0.01;0.26;1.01;0;Top
0.01;0.24;0.85;0;Top
0.01;0.3;0.5;0;Top
0.01;0.25;0.74;0;Top
0.01;0.23;0.87;0;Top
0.01;0.24;0.75;0;Top
0.01;0.35;0.56;0;Top
0.04;0.26;2.26;0;Top
0.01;0.28;0.56;0;Top
0.01;0.26;0.62;0;Top
0.01;0.24;0.84;0;Top
0.01;0.25;0.64;0;Top
0.01;0.25;0.57;0;Top
0.02;0.24;1.28;0;Top
0.05;0.18;3.42;0;Top
0.01;0.24;0.66;0;Top
0.02;0.23;1.74;0;Top
0.01;0.28;0.52;0;Top
0.01;0.23;0.94;0;Top
0.01;0.27;0.58;0;Top
0.01;0.28;0.52;0;Top
0.01;0.24;0.68;0;Top
0.01;0.23;0.77;0;Top
0.01;0.32;0.46;0;Top
0.01;0.28;0.76;0;Top
0.01;0.24;0.61;0;Top
0.06;0.22;3.19;0;Top
0.01;0.24;0.84;0;Top
0.02;0.2;2;0;Top
0.01;0.32;0.78;0;Top
0.01;0.23;0.71;0;Top
0.01;0.28;0.51;0;Top
0.01;0.28;0.54;0;Top
0.02;0.27;1.18;0;Top
0.01;0.24;0.61;0;Top
0.01;0.29;0.62;0;Top
0.01;0.23;0.79;0;Top
0.01;0.26;0.58;0;Top
0.01;0.25;0.59;0;Top
0.01;0.24;0.65;0;Top
0.01;0.26;0.54;0;Top
0.01;0.25;0.57;0;Top
0.01;0.26;0.76;0;Top
0.01;0.28;0.56;0;Top
0.01;0.24;0.7;0;Top
0.01;0.26;0.56;0;Top
0.01;0.26;0.62;0;Top
0.01;0.25;0.77;0;Top
0.01;0.28;0.74;0;Top
0.01;0.26;0.67;0;Top
0.01;0.25;0.59;0;Top
0.01;0.24;1.03;0;Top
0.01;0.35;0.41;0;Top
0.01;0.28;0.57;0;Top
0.01;0.28;0.58;0;Top
0.01;0.26;0.82;0;Top
0.01;0.26;0.73;0;Top
0.01;0.25;0.76;0;Top
0.02;0.24;1.22;0;Top
0.01;0.25;1.07;0;Top
0.01;0.28;0.5;0;Top
0.01;0.29;0.58;0;Top
0.01;0.3;0.48;0;Top
0.01;0.24;0.61;0;Top
0.06;0.19;3.66;0;Top
0.01;0.27;0.57;0;Top
0.01;0.25;1.08;0;Top
0.01;0.28;0.62;0;Top
0.01;0.25;0.56;0;Top
0.01;0.24;0.69;0;Top
0.01;0.25;0.59;0;Top
0.01;0.3;0.49;0;Top
0.01;0.31;0.48;0;Top
0.01;0.29;0.91;0;Top
0.05;0.18;3.65;0;Top
0.01;0.21;1.17;0;Top
0.01;0.29;0.77;0;Top
0.01;0.28;0.52;0;Top
0.01;0.26;0.77;0;Top
0.01;0.26;0.55;0;Top
0.01;0.24;1.03;0;Top
0.07;0.28;2.98;0;Top
0.01;0.27;0.55;0;Top
0.01;0.31;0.64;0;Top
0.01;0.27;0.84;0;Top
0.01;0.27;0.58;0;Top
0.01;0.3;0.61;0;Top
0.02;0.22;1.5;0;Top
0.01;0.29;0.49;0;Top
0.01;0.27;0.57;0;Top
0.02;0.27;1.31;0;Top
0.01;0.3;0.5;0;Top
0.01;0.23;1.15;0;Top
0.01;0.27;0.62;0;Top
0.01;0.31;0.48;0;Top
0.01;0.26;0.64;0;Top
0.02;0.24;1.36;0;Top
0.01;0.29;0.66;0;Top
0.01;0.26;0.67;0;Top
0.03;0.26;1.74;0;Top
0.01;0.26;0.63;0;Top
0.01;0.27;0.52;0;Top
0.01;0.27;0.79;0;Top
0.01;0.24;0.79;0;Top
0.01;0.26;0.56;0;Top
0.01;0.23;0.87;0;Top
0.01;0.37;0.49;0;Top
0.01;0.25;0.82;0;Top
0.01;0.24;1.05;0;Top
0.01;0.25;1.09;0;Top
0.01;0.25;0.56;0;Top
0.01;0.23;0.92;0;Top
0.01;0.25;0.63;0;Top
0.01;0.31;0.46;0;Top
0.01;0.32;0.73;0;Top
0.01;0.28;0.54;0;Top
0.01;0.24;0.93;0;Top
0.01;0.28;0.75;0;Top
0.02;0.25;1.25;0;Top
0.01;0.28;0.58;0;Top
0.01;0.24;0.6;0;Top
0.01;0.24;1.07;0;Top
0.01;0.25;0.81;0;Top
0.02;0.25;1.37;0;Top
0.01;0.27;0.99;0;Top
0.01;0.26;0.86;0;Top
0.05;0.22;2.97;0;Top
0.01;0.3;0.49;0;Top
0.01;0.23;0.86;0;Top
0.01;0.26;0.7;0;Top
0.01;0.23;1.05;0;Top
0.01;0.26;0.55;0;Top
0.01;0.25;0.58;0;Top
0.01;0.24;0.74;0;Top
0.01;0.27;0.59;0;Top
0.01;0.3;0.56;0;Top
0.02;0.22;1.45;0;Top
0.01;0.27;0.93;0;Top
0.01;0.24;1.14;0;Top
0.01;0.28;0.51;0;Top
0.01;0.24;0.91;0;Top
0.01;0.28;0.57;0;Top
0.01;0.28;0.5;0;Top
0.01;0.24;0.69;0;Top
0.04;0.25;2.22;0;Top
0.01;0.27;0.54;0;Top
0.01;0.25;0.62;0;Top
0.01;0.24;0.94;0;Top
0.03;0.25;1.75;0;Top
0.01;0.25;0.68;0;Top
0.01;0.26;0.66;0;Top
0.01;0.55;0.32;0;Top
0.01;0.24;1;0;Top
0.01;0.24;1.16;0;Top
0.01;0.3;0.53;0;Top
0.02;0.31;1.02;0;Top
0.01;0.3;0.52;0;Top
0.01;0.3;0.48;0;Top
0.01;0.27;0.52;0;Top
0.01;0.24;0.58;0;Top
0.01;0.27;0.6;0;Top
0.02;0.25;1.54;0;Top
0.01;0.26;0.6;0;Top
0.01;0.26;0.59;0;Top
0.01;0.25;0.87;0;Top
0.01;0.26;0.69;0;Top
0.01;0.26;0.7;0;Top
0.01;0.25;0.66;0;Top
0.07;0.19;4.3;0;Top
0.01;0.26;0.58;0;Top
0.01;0.27;0.54;0;Top
0.02;0.27;1.21;0;Top
0.07;0.2;4.22;0;Top
0.01;0.26;0.7;0;Top
0.01;0.25;0.65;0;Top
0.01;0.38;0.45;0;Top
0.01;0.23;0.93;0;Top
0.01;0.27;0.67;0;Top
0.43;0.24;11.41;0;Top
0.01;0.27;0.53;0;Top
0.03;0.21;2;0;Top
0.01;0.46;0.34;0;Top
0.01;0.24;0.91;0;Top
0.01;0.28;0.53;0;Top
0.01;0.24;0.86;0;Top
0.01;0.26;0.59;0;Top
0.01;0.24;1.07;0;Top
0.01;0.3;0.75;0;Top
0.01;0.27;0.61;0;Top
0.01;0.26;0.58;0;Top
0.01;0.27;0.66;0;Top
0.01;0.3;0.71;0;Top
0.01;0.24;0.85;0;Top
0.03;0.22;1.98;0;Top
0.01;0.24;0.94;0;Top
0.03;0.18;2.66;0;Top
0.02;0.28;1.34;0;Top
0.01;0.28;0.5;0;Top
0.01;0.27;0.77;0;Top
0.01;0.28;0.76;0;Top
0.01;0.28;0.55;0;Top
0.01;0.31;0.58;0;Top
0.01;0.23;1.27;0;Top
0.01;0.24;0.95;0;Top
0.01;0.28;0.59;0;Top
0.09;0.34;2.91;0;Top
0.01;0.27;0.66;0;Top
0.01;0.27;0.65;0;Top
0.01;0.26;0.58;0;Top
0.01;0.25;0.61;0;Top
0.01;0.28;0.52;0;Top
0.01;0.39;0.68;0;Top
0.01;0.24;1.13;0;Top
0.01;0.27;0.66;0;Top
0.02;0.33;1.02;0;Top
0.02;0.26;1.26;0;Top
0.01;0.26;0.66;0;Top
0.01;0.56;0.47;0;Top
0.01;0.31;0.51;0;Top
0.13;0.21;5.73;0;Top
0.03;0.2;2.19;0;Top
0.04;0.25;2.46;0;Top
0.02;0.28;1.14;0;Top
0.01;0.29;0.5;0;Top
0.01;0.26;0.66;0;Top
0.03;0.31;1.41;0;Top
0.01;0.25;0.82;0;Top
0.01;0.26;0.6;0;Top
0.01;0.28;0.92;0;Top
0.01;0.26;0.67;0;Top
0.01;0.29;0.65;0;Top
0.01;0.26;0.68;0;Top
0.01;0.28;0.66;0;Top
0.01;0.26;0.58;0;Top
0.01;0.33;0.46;0;Top
0.01;0.27;0.84;0;Top
0.04;0.35;1.7;0;Top
0.01;0.37;0.42;0;Top
0.01;0.26;0.68;0;Top
0.01;0.25;0.75;0;Top
0.01;0.31;0.51;0;Top
0.01;0.35;0.75;0;Top
0.01;0.28;0.63;0;Top
0.01;0.29;0.56;0;Top
0.01;0.26;0.7;0;Top
0.02;0.21;1.51;0;Top
0.01;0.39;0.4;0;Top
0.01;0.3;0.63;0;Top
0.01;0.26;0.66;0;Top
0.01;0.28;0.61;0;Top
0.01;0.31;0.46;0;Top
0.02;0.33;1.17;0;Top
0.01;0.26;0.9;0;Top
0.01;0.28;0.52;0;Top
0.01;0.34;0.59;0;Top
0.01;0.29;0.55;0;Top
0.01;0.28;0.58;0;Top
0.01;0.29;0.49;0;Top
0.01;0.32;0.47;0;Top
0.01;0.37;0.53;0;Top
0.01;0.24;1.11;0;Top
0.01;0.28;0.73;0;Top
0.02;0.2;1.71;0;Top
0.01;0.27;0.54;0;Top
0.01;0.3;0.47;0;Top
0.01;0.28;0.64;0;Top
0.07;0.19;4.27;0;Top
0.01;0.29;0.57;0;Top
0.17;0.29;5.01;0;Top
0.01;0.25;0.94;0;Top
0.01;0.26;0.76;0;Top
0.03;0.24;1.87;0;Top
0.01;0.29;0.96;0;Top
0.01;0.26;0.58;0;Top
0.01;0.27;0.65;0;Top
0.01;0.29;0.82;0;Top
0.01;0.33;0.74;0;Top
0.02;0.23;1.62;0;Top
0.01;0.27;0.66;0;Top
0.01;0.25;1.1;0;Top
0.01;0.25;0.76;0;Top
0.01;0.25;0.72;0;Top
0.01;0.29;0.61;0;Top
0.01;0.49;0.44;0;Top
0.01;0.27;0.72;0;Top
0.02;0.2;1.5;0;Top
0.01;0.28;0.62;0;Top
0.01;0.27;0.84;0;Top
0.01;0.25;1.04;0;Top
0.01;0.27;0.56;0;Top
0.01;0.25;0.71;0;Top
0.01;0.24;0.78;0;Top
0.11;0.31;3.69;0;Top
0.07;0.22;3.62;0;Top
0.01;0.25;1.03;0;Top
0.01;0.26;0.87;0;Top
0.01;0.25;0.78;0;Top
0.01;0.27;0.65;0;Top
0.01;0.33;0.48;0;Top
0.01;0.23;1.03;0;Top
0.01;0.3;0.48;0;Top
0.09;0.19;4.97;0;Top
0.01;0.27;0.59;0;Top
0.01;0.3;0.51;0;Top
0.03;0.21;2.22;0;Top
0.01;0.26;0.78;0;Top
0.01;0.26;0.69;0;Top
0.01;0.36;0.41;0;Top
0.05;0.2;3.52;0;Top
0.01;0.3;0.55;0;Top
0.01;0.26;1.1;0;Top
0.01;0.28;0.55;0;Top
0.01;0.27;0.58;0;Top
0.01;0.27;0.64;0;Top
0.01;0.3;0.5;0;Top
0.01;0.24;1.1;0;Top
0.01;0.31;0.46;0;Top
0.01;0.25;0.98;0;Top
0.01;0.3;0.56;0;Top
0.01;0.29;0.58;0;Top
0.01;0.25;1.05;0;Top
0.49;0.35;8.42;0;Top
0.01;0.3;0.84;0;Top
0.01;0.24;0.86;0;Top
0.01;0.38;0.59;0;Top
0.01;0.25;0.83;0;Top
0.01;0.28;0.54;0;Top
0.01;0.29;0.81;0;Top
0.01;0.29;0.59;0;Top
0.01;0.37;0.52;0;Top
0.05;0.27;2.5;0;Top
0.01;0.29;0.93;0;Top
0.18;0.3;5.07;0;Top
0.01;0.24;0.72;0;Top
0.01;0.24;0.97;0;Top
0.01;0.26;0.61;0;Top
0.01;0.34;0.54;0;Top
0.01;0.26;0.63;0;Top
0.01;0.37;0.38;0;Top
0.01;0.27;0.91;0;Top
0.01;0.26;0.57;0;Top
0.01;0.28;0.56;0;Top
0.02;0.25;1.33;0;Top
0.01;0.27;0.92;0;Top
0.01;0.24;1.09;0;Top
0.01;0.28;0.5;0;Top
0.01;0.24;0.9;0;Top
0.02;0.25;1.41;0;Top
0.02;0.22;1.71;0;Top
0.02;0.26;1.22;0;Top
0.02;0.25;1.64;0;Top
0.01;0.26;0.78;0;Top
0.01;0.3;0.71;0;Top
0.01;0.3;0.5;0;Top
0.02;0.25;1.36;0;Top
0.01;0.3;0.52;0;Top
0.01;0.35;0.6;0;Top
0.01;0.29;0.49;0;Top
0.01;0.32;0.58;0;Top
0.04;0.23;2.35;0;Top
0.01;0.25;0.95;0;Top
0.04;0.21;2.79;0;Top
0.01;0.25;0.9;0;Top
0.02;0.24;1.38;0;Top
0.01;0.28;0.92;0;Top
0.02;0.26;1.18;0;Top
0.01;0.29;0.55;0;Top
0.12;0.35;3.4;0;Top
0.01;0.3;0.64;0;Top
0.01;0.33;0.47;0;Top
0.01;0.29;0.51;0;Top
0.01;0.29;0.61;0;Top
0.01;0.33;0.48;0;Top
0.01;0.28;0.53;0;Top
0.01;0.28;0.75;0;Top
0.03;0.21;2.12;0;Top
0.05;0.39;1.77;0;Top
0.03;0.21;2.39;0;Top
0.01;0.28;0.78;0;Top
0.01;0.32;0.49;0;Top
0.03;0.25;1.99;0;Top
0.01;0.29;0.55;0;Top
0.01;0.27;0.71;0;Top
0.03;0.33;1.51;0;Top
0.03;0.25;1.96;0;Top
0.01;0.27;0.62;0;Top
0.01;0.26;0.84;0;Top
0.01;0.36;0.45;0;Top
0.01;0.25;0.67;0;Top
0.01;0.28;0.64;0;Top
0.01;0.26;0.81;0;Top
0.01;0.33;0.44;0;Top
0.02;0.28;1.36;0;Top
0.01;0.25;0.9;0;Top
0.01;0.27;0.63;0;Top
0.01;0.34;0.46;0;Top
0.01;0.27;0.65;0;Top
0.02;0.33;1.14;0;Top
0.01;0.3;0.85;0;Top
0.01;0.26;1.01;0;Top
0.01;0.36;0.54;0;Top
0.01;0.37;0.41;0;Top
0.06;0.21;3.41;0;Top
0.01;0.33;0.62;0;Top
0.02;0.28;1.06;0;Top
0.01;0.31;0.51;0;Top
0.01;0.34;0.56;0;Top
0.01;0.31;0.47;0;Top
0.01;0.37;0.38;0;Top
0.01;0.27;0.62;0;Top
0.01;0.32;0.47;0;Top
0.02;0.35;1.02;0;Top
0.01;0.31;0.53;0;Top
0.01;0.32;0.69;0;Top
0.01;0.3;0.52;0;Top
0.05;0.26;2.45;0;Top
0.01;0.31;0.69;0;Top
0.03;0.2;2.06;0;Top
0.01;0.29;0.59;0;Top
0.02;0.25;1.54;0;Top
0.01;0.34;0.44;0;Top
0.01;0.27;0.61;0;Top
0.02;0.38;0.86;0;Top
0.01;0.31;0.54;0;Top
0.01;0.31;0.53;0;Top
0.01;0.28;0.71;0;Top
0.01;0.34;0.68;0;Top
0.01;0.34;0.41;0;Top
0.01;0.26;0.88;0;Top
0.01;0.29;0.5;0;Top
0.01;0.28;0.57;0;Top
0.01;0.3;0.47;0;Top
0.01;0.28;0.64;0;Top
0.01;0.3;0.53;0;Top
0.02;0.27;1.14;0;Top
0.01;0.27;0.92;0;Top
0.03;0.25;1.77;0;Top
0.05;0.26;2.33;0;Top
0.01;0.31;0.53;0;Top
0.01;0.38;0.77;0;Top
0.03;0.29;1.53;0;Top
0.05;0.46;1.34;0;Top
0.01;0.29;0.53;0;Top
0.01;0.3;0.48;0;Top
0.01;0.28;0.62;0;Top
0.01;0.37;0.43;0;Top
0.01;0.28;0.73;0;Top
0.01;0.29;0.7;0;Top
0.1;0.27;3.87;0;Top
0.03;0.26;1.62;0;Top
0.01;0.36;0.48;0;Top
0.39;0.21;12.42;0;Top
0.01;0.27;0.66;0;Top
0.01;0.3;0.48;0;Top
0.01;0.3;0.49;0;Top
0.01;0.3;0.57;0;Top
0.02;0.35;1.11;0;Top
0.02;0.28;1.28;0;Top
0.01;0.3;0.58;0;Top
0.01;0.3;0.52;0;Top
0.01;0.28;0.85;0;Top
0.01;0.28;0.59;0;Top
0.02;0.4;0.75;0;Top
0.03;0.26;1.84;0;Top
0.01;0.28;0.59;0;Top
0.11;0.21;5.25;0;Top
0.01;0.32;0.69;0;Top
0.01;0.26;0.73;0;Top
0.01;0.31;0.48;0;Top
0.02;0.26;1.28;0;Top
0.01;0.28;0.87;0;Top
0.01;0.29;0.59;0;Top
0.03;0.29;1.44;0;Top
0.01;0.31;0.49;0;Top
0.01;0.3;0.92;0;Top
0.01;0.42;0.35;0;Top
0.01;0.31;0.86;0;Top
0.13;0.33;3.71;0;Top
0.01;0.3;0.56;0;Top
0.01;0.27;0.6;0;Top
0.01;0.32;0.66;0;Top
0.03;0.29;1.64;0;Top
0.01;0.34;0.57;0;Top
0.01;0.25;0.92;0;Top
0.01;0.31;0.54;0;Top
0.01;0.31;0.52;0;Top
0.01;0.34;0.53;0;Top
0.01;0.3;0.56;0;Top
0.01;0.32;0.44;0;Top
0.01;0.32;0.6;0;Top
0.01;0.27;0.67;0;Top
0.01;0.41;0.36;0;Top
0.01;0.35;0.58;0;Top
0.01;0.27;0.72;0;Top
0.01;0.3;0.65;0;Top
0.01;0.25;0.96;0;Top
0.01;0.36;0.64;0;Top
0.01;0.26;0.68;0;Top
0.01;0.31;0.59;0;Top
0.01;0.26;1.04;0;Top
0.01;0.27;0.93;0;Top
0.01;0.27;0.67;0;Top
0.01;0.33;0.7;0;Top
0.01;0.33;0.43;0;Top
0.01;0.37;0.7;0;Top
0.02;0.29;1.37;0;Top
0.06;0.26;2.72;0;Top
0.01;0.37;0.42;0;Top
0.01;0.29;0.65;0;Top
0.05;0.23;2.79;0;Top
0.02;0.3;1.06;0;Top
0.01;0.27;0.83;0;Top
0.01;0.34;0.43;0;Top
0.01;0.29;0.7;0;Top
0.01;0.55;0.4;0;Top
0.01;0.39;0.64;0;Top
0.02;0.31;1.08;0;Top
0.01;0.27;0.98;0;Top
0.01;0.28;0.79;0;Top
0.02;0.29;1.03;0;Top
0.02;0.26;1.5;0;Top
0.01;0.25;1.06;0;Top
0.01;0.31;0.8;0;Top
0.01;0.31;0.55;0;Top
0.01;0.3;0.56;0;Top
0.01;0.32;0.46;0;Top
0.01;0.32;0.52;0;Top
0.01;0.39;0.4;0;Top
0.03;0.36;1.2;0;Top
0.01;0.29;0.66;0;Top
0.04;0.3;1.73;0;Top
0.01;0.35;0.73;0;Top
0.01;0.31;0.64;0;Top
0.01;0.31;0.46;0;Top
0.01;0.28;0.68;0;Top
0.01;0.33;0.46;0;Top
0.01;0.32;0.69;0;Top
0.02;0.24;1.65;0;Top
0.01;0.39;0.37;0;Top
0.01;0.28;0.6;0;Top
0.01;0.28;0.92;0;Top
0.03;0.31;1.61;0;Top
0.01;0.31;0.55;0;Top
0.02;0.43;0.81;0;Top
0.01;0.25;1.14;0;Top
0.03;0.33;1.46;0;Top
0.01;0.42;0.52;0;Top
0.01;0.33;0.46;0;Top
0.01;0.33;0.76;0;Top
0.01;0.26;0.86;0;Top
0.01;0.31;0.59;0;Top
0.02;0.24;1.3;0;Top
0.01;0.34;0.48;0;Top
0.01;0.31;0.48;0;Top
0.01;0.27;0.56;0;Top
0.01;0.33;0.43;0;Top
0.01;0.3;0.6;0;Top
0.02;0.25;1.38;0;Top
0.02;0.26;1.18;0;Top
0.01;0.33;0.42;0;Top
0.01;0.4;0.43;0;Top
0.01;0.35;0.49;0;Top
0.01;0.32;0.48;0;Top
0.01;0.26;0.97;0;Top
0.04;0.23;2.36;0;Top
0.01;0.31;0.66;0;Top
0.01;0.31;0.74;0;Top
0.01;0.3;0.66;0;Top
0.01;0.3;0.49;0;Top
0.01;0.34;0.45;0;Top
0.01;0.37;0.38;0;Top
0.01;0.35;0.41;0;Top
0.02;0.36;0.9;0;Top
0.01;0.26;0.59;0;Top
0.03;0.33;1.56;0;Top
0.01;0.29;0.48;0;Top
0.01;0.29;0.57;0;Top
0.01;0.27;1.03;0;Top
0.01;0.31;0.49;0;Top
0.02;0.29;1.06;0;Top
0.04;0.26;1.97;0;Top
0.01;0.3;0.68;0;Top
0.01;0.31;0.68;0;Top
0.01;0.29;0.57;0;Top
0.03;0.26;1.73;0;Top
0.01;0.28;0.72;0;Top
0.01;0.27;0.74;0;Top
0.09;0.21;4.64;0;Top
0.02;0.24;1.35;0;Top
0.01;0.28;0.68;0;Top
0.01;0.33;0.49;0;Top
0.04;0.22;2.4;0;Top
0.01;0.33;0.43;0;Top
0.01;0.27;0.97;0;Top
0.01;0.31;0.56;0;Top
0.01;0.32;0.86;0;Top
0.01;0.27;0.86;0;Top
0.01;0.34;0.82;0;Top
0.01;0.33;0.69;0;Top
0.01;0.31;0.54;0;Top
0.01;0.36;0.54;0;Top
0.01;0.28;0.61;0;Top
0.01;0.29;0.86;0;Top
0.01;0.32;0.49;0;Top
0.01;0.25;1.1;0;Top
0.02;0.31;1.06;0;Top
0.02;0.28;1.19;0;Top
0.02;0.25;1.49;0;Top
0.01;0.33;0.67;0;Top
0.01;0.28;0.73;0;Top
0.01;0.31;0.87;0;Top
0.01;0.29;0.53;0;Top
0.01;0.25;1.12;0;Top
0.01;0.3;0.57;0;Top
0.01;0.27;0.9;0;Top
0.01;0.37;0.6;0;Top
0.01;0.59;0.42;0;Top
0.01;0.34;0.44;0;Top
0.01;0.28;0.73;0;Top
0.01;0.33;0.45;0;Top
0.01;0.28;0.73;0;Top
0.01;0.28;0.93;0;Top
0.01;0.31;0.47;0;Top
0.02;0.4;1.02;0;Top
0.01;0.36;0.58;0;Top
0.01;0.3;0.59;0;Top
0.01;0.41;0.46;0;Top
0.02;0.36;0.99;0;Top
0.01;0.38;0.42;0;Top
0.01;0.3;0.91;0;Top
0.01;0.43;0.68;0;Top
0.01;0.45;0.45;0;Top
0.01;0.34;0.54;0;Top
0.01;0.26;1.04;0;Top
0.03;0.22;2.26;0;Top
0.01;0.36;0.57;0;Top
0.01;0.36;0.45;0;Top
0.01;0.37;0.39;0;Top
0.01;0.37;0.5;0;Top
0.01;0.27;0.89;0;Top
0.01;0.37;0.41;0;Top
0.02;0.32;1.05;0;Top
0.01;0.35;0.57;0;Top
0.01;0.29;0.56;0;Top
0.01;0.36;0.65;0;Top
0.01;0.28;0.75;0;Top
0.02;0.56;0.54;0;Top
0.01;0.38;0.46;0;Top
0.01;0.31;0.62;0;Top
0.01;0.29;0.54;0;Top
0.03;0.29;1.42;0;Top
0.01;0.31;0.64;0;Top
0.01;0.28;1.02;0;Top
0.07;0.24;3.58;0;Top
0.01;0.31;0.54;0;Top
0.01;0.64;0.24;0;Top
0.01;0.27;0.75;0;Top
0.01;0.29;0.73;0;Top
0.01;0.46;0.33;0;Top
0.01;0.3;0.91;0;Top
0.01;0.27;1.02;0;Top
0.01;0.32;0.76;0;Top
0.01;0.31;0.67;0;Top
0.02;0.27;1.36;0;Top
0.01;0.35;0.41;0;Top
0.01;0.3;0.88;0;Top
0.01;0.29;0.68;0;Top
0.03;0.45;0.95;0;Top
0.01;0.3;0.66;0;Top
0.01;0.3;0.59;0;Top
0.01;0.37;0.52;0;Top
0.01;0.3;0.6;0;Top
0.01;0.36;0.48;0;Top
0.02;0.25;1.2;0;Top
0.03;0.3;1.5;0;Top
0.01;0.3;0.74;0;Top
0.02;0.3;1.2;0;Top
0.01;0.32;0.44;0;Top
0.03;0.37;1.21;0;Top
0.01;0.32;0.78;0;Top
0.01;0.28;0.83;0;Top
0.01;0.3;0.52;0;Top
0.01;0.42;0.36;0;Top
0.02;0.25;1.56;0;Top
0.01;0.47;0.47;0;Top
0.02;0.3;1.2;0;Top
0.01;0.29;0.91;0;Top
0.03;0.38;1.13;0;Top
0.02;0.41;0.92;0;Top
0.02;0.47;0.79;0;Top
0.01;0.32;0.72;0;Top
0.01;0.34;0.77;0;Top
0.14;0.25;5.22;0;Top
0.01;0.29;0.53;0;Top
0.01;0.28;0.71;0;Top
0.01;0.36;0.79;0;Top
0.01;0.26;0.98;0;Top
0.01;0.32;0.5;0;Top
0.17;0.23;6.36;0;Top
0.01;0.31;0.47;0;Top
0.02;0.34;0.93;0;Top
0.02;0.27;1.19;0;Top
0.01;0.3;0.91;0;Top
0.01;0.38;0.39;0;Top
0.01;0.37;0.4;0;Top
0.01;0.31;0.53;0;Top
0.01;0.31;0.47;0;Top
0.01;0.27;1.1;0;Top
0.02;0.35;0.85;0;Top
0.02;0.26;1.32;0;Top
0.02;0.26;1.49;0;Top
0.01;0.3;0.55;0;Top
0.01;0.33;0.87;0;Top
0.01;0.35;0.52;0;Top
0.03;0.24;2.08;0;Top
0.04;0.26;2.04;0;Top
0.03;0.24;1.91;0;Top
0.01;0.3;0.56;0;Top
0.01;0.26;1;0;Top
0.01;0.31;0.5;0;Top
0.01;0.32;0.65;0;Top
0.01;0.33;0.44;0;Top
0.01;0.61;0.3;0;Top
0.01;0.33;0.47;0;Top
0.01;0.63;0.23;0;Top
0.01;0.32;0.5;0;Top
0.07;0.23;3.7;0;Top
0.01;0.35;0.83;0;Top
0.01;0.3;0.55;0;Top
0.03;0.37;1.22;0;Top
0.01;0.35;0.43;0;Top
0.01;0.29;0.64;0;Top
0.03;0.52;0.97;0;Top
0.01;0.34;0.42;0;Top
0.01;0.32;0.62;0;Top
0.01;0.29;0.84;0;Top
0.01;0.32;0.49;0;Top
0.01;0.29;1.02;0;Top
0.02;0.42;0.73;0;Top
0.01;0.32;0.65;0;Top
0.02;0.31;0.97;0;Top
0.01;0.31;0.92;0;Top
0.01;0.29;0.5;0;Top
0.01;0.29;0.64;0;Top
0.01;0.51;0.47;0;Top
0.01;0.38;0.54;0;Top
0.01;0.36;0.43;0;Top
0.02;0.39;0.77;0;Top
0.02;0.44;0.85;0;Top
0.01;0.32;0.55;0;Top
0.01;0.27;0.96;0;Top
0.01;0.43;0.47;0;Top
0.01;0.29;0.85;0;Top
0.01;0.43;0.36;0;Top
0.04;0.29;2.07;0;Top
0.01;0.34;0.46;0;Top
0.01;0.45;0.62;0;Top
0.01;0.63;0.25;0;Top
0.01;0.34;0.47;0;Top
0.02;0.4;0.88;0;Top
0.01;0.47;0.4;0;Top
0.01;0.38;0.59;0;Top
0.01;0.36;0.42;0;Top
0.01;0.3;0.58;0;Top
0.01;0.39;0.55;0;Top
0.01;0.35;0.45;0;Top
0.01;0.32;0.84;0;Top
0.02;0.26;1.23;0;Top
0.01;0.36;0.41;0;Top
0.01;0.28;0.99;0;Top
0.01;0.34;0.43;0;Top
0.01;0.33;0.48;0;Top
0.03;0.37;1.35;0;Top
0.01;0.39;0.6;0;Top
0.01;0.3;0.58;0;Top
0.01;0.29;0.75;0;Top
0.01;0.28;1.01;0;Top
0.01;0.36;0.5;0;Top
0.01;0.39;0.41;0;Top
0.15;0.42;3.28;0;Top
0.03;0.3;1.58;0;Top
0.02;0.34;0.89;0;Top
0.01;0.3;0.82;0;Top
0.01;0.36;0.47;0;Top
0.01;0.29;0.73;0;Top
0.01;0.34;0.58;0;Top
0.03;0.23;2.1;0;Top
0.01;0.43;0.59;0;Top
0.01;0.39;0.71;0;Top
0.01;0.32;0.57;0;Top
0.01;0.33;0.54;0;Top
0.01;0.3;0.89;0;Top
0.01;0.31;0.78;0;Top
0.01;0.61;0.24;0;Top
0.01;0.36;0.56;0;Top
0.01;0.63;0.26;0;Top
0.01;0.39;0.52;0;Top
0.01;0.31;0.63;0;Top
0.01;0.34;0.68;0;Top
0.01;0.33;0.46;0;Top
0.01;0.38;0.71;0;Top
0.01;0.39;0.58;0;Top
0.01;0.33;0.55;0;Top
0.01;0.33;0.46;0;Top
0.01;0.36;0.4;0;Top
0.01;0.32;0.47;0;Top
0.01;0.34;0.64;0;Top
0.01;0.37;0.49;0;Top
0.01;0.4;0.51;0;Top
0.01;0.48;0.38;0;Top
0.01;0.34;0.47;0;Top
0.01;0.42;0.42;0;Top
0.02;0.31;1.14;0;Top
0.01;0.33;0.45;0;Top
0.05;0.25;2.65;0;Top
0.01;0.29;0.88;0;Top
0.01;0.33;0.62;0;Top
0.01;0.35;0.42;0;Top
0.01;0.32;0.59;0;Top
0.02;0.27;1.26;0;Top
0.01;0.4;0.38;0;Top
0.01;0.39;0.38;0;Top
0.01;0.3;0.78;0;Top
0.01;0.35;0.66;0;Top
0.01;0.28;0.84;0;Top
0.01;0.32;0.5;0;Top
0.01;0.44;0.5;0;Top
0.01;0.34;0.58;0;Top
0.01;0.4;0.58;0;Top
0.01;0.34;0.58;0;Top
0.01;0.31;0.71;0;Top
0.01;0.34;0.43;0;Top
0.01;0.5;0.49;0;Top
0.01;0.36;0.53;0;Top
0.02;0.43;0.72;0;Top
0.03;0.4;1.06;0;Top
0.01;0.35;0.76;0;Top
0.01;0.33;0.58;0;Top
0.02;0.36;1.02;0;Top
0.01;0.43;0.45;0;Top
0.01;0.34;0.47;0;Top
0.01;0.42;0.34;0;Top
0.01;0.33;0.54;0;Top
0.01;0.38;0.4;0;Top
0.02;0.28;1.24;0;Top
0.01;0.3;0.5;0;Top
0.02;0.42;0.75;0;Top
0.01;0.35;0.47;0;Top
0.02;0.28;1.07;0;Top
0.01;0.4;0.51;0;Top
0.01;0.37;0.43;0;Top
0.01;0.33;0.62;0;Top
0.01;0.36;0.42;0;Top
0.01;0.48;0.47;0;Top
0.01;0.36;0.47;0;Top
0.01;0.41;0.45;0;Top
0.01;0.34;0.59;0;Top
0.01;0.41;0.37;0;Top
0.01;0.3;0.6;0;Top
0.01;0.34;0.45;0;Top
0.01;0.3;0.64;0;Top
0.01;0.46;0.45;0;Top
0.01;0.31;0.82;0;Top
0.01;0.53;0.28;0;Top
0.01;0.35;0.44;0;Top
0.02;0.4;1.03;0;Top
0.01;0.32;0.5;0;Top
0.01;0.32;0.77;0;Top
0.01;0.32;0.8;0;Top
0.01;0.42;0.44;0;Top
0.01;0.32;0.52;0;Top
0.01;0.37;0.61;0;Top
0.02;0.35;0.89;0;Top
0.02;0.42;0.89;0;Top
0.01;0.34;0.72;0;Top
0.01;0.36;0.45;0;Top
0.01;0.39;0.41;0;Top
0.01;0.42;0.39;0;Top
0.01;0.37;0.47;0;Top
0.04;0.43;1.28;0;Top
0.01;0.34;0.44;0;Top
0.02;0.34;0.87;0;Top
0.01;0.36;0.47;0;Top
0.03;0.43;1.2;0;Top
0.02;0.33;1.17;0;Top
0.01;0.42;0.46;0;Top
0.01;0.29;0.76;0;Top
0.1;0.25;4.03;0;Top
0.01;0.29;0.73;0;Top
0.01;0.28;0.96;0;Top
0.01;0.37;0.62;0;Top
0.01;0.33;0.49;0;Top
0.02;0.38;0.79;0;Top
0.01;0.56;0.49;0;Top
0.01;0.46;0.5;0;Top
0.01;0.32;0.55;0;Top
0.01;0.42;0.58;0;Top
0.01;0.37;0.55;0;Top
0.02;0.26;1.17;0;Top
0.01;0.43;0.55;0;Top
0.02;0.26;1.36;0;Top
0.01;0.32;0.54;0;Top
0.01;0.44;0.33;0;Top
0.01;0.47;0.45;0;Top
0.01;0.36;0.4;0;Top
0.01;0.31;0.83;0;Top
0.01;0.36;0.4;0;Top
0.01;0.39;0.45;0;Top
0.01;0.34;0.6;0;Top
0.01;0.38;0.38;0;Top
0.01;0.34;0.52;0;Top
0.01;0.38;0.57;0;Top
0.01;0.37;0.48;0;Top
0.01;0.36;0.41;0;Top
0.01;0.31;0.72;0;Top
0.03;0.28;1.51;0;Top
0.03;0.29;1.56;0;Top
0.01;0.65;0.36;0;Top
0.01;0.43;0.4;0;Top
0.01;0.36;0.44;0;Top
0.01;0.37;0.41;0;Top
0.02;0.28;1.1;0;Top
0.01;0.37;0.39;0;Top
0.01;0.45;0.4;0;Top
0.01;0.46;0.32;0;Top
0.01;0.35;0.42;0;Top
0.01;0.35;0.43;0;Top
0.02;0.31;0.99;0;Top
0.01;0.34;0.66;0;Top
0.01;0.35;0.54;0;Top
0.01;0.31;0.61;0;Top
0.01;0.34;0.45;0;Top
0.01;0.44;0.51;0;Top
0.01;0.48;0.44;0;Top
0.02;0.47;0.74;0;Top
0.01;0.62;0.43;0;Top
0.01;0.66;0.36;0;Top
0.01;0.36;0.41;0;Top
0.01;0.34;0.42;0;Top
0.01;0.48;0.4;0;Top
0.01;0.34;0.58;0;Top
0.01;0.35;0.67;0;Top
0.01;0.4;0.55;0;Top
0.01;0.3;0.58;0;Top
0.07;0.47;1.76;0;Top
0.01;0.4;0.36;0;Top
0.02;0.3;0.98;0;Top
0.02;0.3;1.1;0;Top
0.03;0.29;1.44;0;Top
0.01;0.34;0.46;0;Top
0.01;0.29;0.66;0;Top
0.01;0.3;0.82;0;Top
0.01;0.34;0.43;0;Top
0.01;0.45;0.56;0;Top
0.01;0.34;0.42;0;Top
0.01;0.3;0.98;0;Top
0.01;0.59;0.24;0;Top
0.01;0.52;0.45;0;Top
0.01;0.33;0.55;0;Top
0.01;0.33;0.52;0;Top
0.01;0.43;0.36;0;Top
0.01;0.4;0.5;0;Top
0.01;0.35;0.44;0;Top
0.01;0.32;0.57;0;Top
0.01;0.54;0.27;0;Top
0.05;0.5;1.32;0;Top
0.01;0.4;0.41;0;Top
0.01;0.37;0.52;0;Top
0.02;0.44;0.74;0;Top
0.01;0.35;0.62;0;Top
0.02;0.4;0.77;0;Top
0.01;0.39;0.75;0;Top
0.01;0.33;0.52;0;Top
0.01;0.33;0.79;0;Top
0.01;0.41;0.56;0;Top
0.01;0.47;0.53;0;Top
0.01;0.4;0.43;0;Top
0.01;0.53;0.39;0;Top
0.01;0.35;0.45;0;Top
0.01;0.35;0.41;0;Top
0.01;0.41;0.57;0;Top
0.01;0.58;0.3;0;Top
0.01;0.39;0.38;0;Top
0.01;0.36;0.47;0;Top
0.01;0.31;0.87;0;Top
0.01;0.38;0.43;0;Top
0.01;0.43;0.51;0;Top
0.01;0.3;0.86;0;Top
0.01;0.44;0.54;0;Top
0.01;0.37;0.39;0;Top
0.01;0.32;0.58;0;Top
0.01;0.29;0.88;0;Top
0.01;0.32;0.54;0;Top
0.01;0.47;0.3;0;Top
0.01;0.44;0.45;0;Top
0.01;0.48;0.32;0;Top
0.01;0.41;0.42;0;Top
0.01;0.34;0.43;0;Top
0.03;0.55;0.8;0;Top
0.01;0.44;0.36;0;Top
0.01;0.44;0.44;0;Top
0.01;0.41;0.36;0;Top
0.01;0.52;0.51;0;Top
0.01;0.56;0.37;0;Top
0.01;0.38;0.38;0;Top
0.01;0.35;0.78;0;Top
0.01;0.37;0.44;0;Top
0.01;0.53;0.27;0;Top
0.02;0.3;1.2;0;Top
0.01;0.36;0.4;0;Top
0.02;0.55;0.67;0;Top
0.01;0.53;0.39;0;Top
0.01;0.47;0.49;0;Top
0.01;0.5;0.3;0;Top
0.01;0.3;0.83;0;Top
0.01;0.44;0.35;0;Top
0.01;0.44;0.37;0;Top
0.01;0.53;0.31;0;Top
0.01;0.36;0.51;0;Top
0.01;0.49;0.4;0;Top
0.01;0.34;0.57;0;Top
0.01;0.5;0.58;0;Top
0.01;0.46;0.63;0;Top
0.01;0.49;0.54;0;Top
0.01;0.31;0.8;0;Top
0.01;0.39;0.37;0;Top
0.01;0.5;0.42;0;Top
0.01;0.39;0.38;0;Top
0.01;0.6;0.31;0;Top
0.01;0.38;0.46;0;Top
0.02;0.55;0.61;0;Top
0.01;0.42;0.35;0;Top
0.01;0.42;0.5;0;Top
0.01;0.5;0.43;0;Top
0.01;0.32;0.45;0;Top
0.01;0.48;0.44;0;Top
0.02;0.49;0.6;0;Top
0.01;0.52;0.33;0;Top
0.01;0.53;0.47;0;Top
0.02;0.55;0.68;0;Top
0.01;0.55;0.5;0;Top
0.01;0.38;0.44;0;Top
0.01;0.38;0.39;0;Top
0.01;0.44;0.33;0;Top
0.01;0.58;0.29;0;Top
0.01;0.49;0.33;0;Top
0.01;0.52;0.44;0;Top
0.01;0.54;0.29;0;Top
0.01;0.6;0.46;0;Top
0.02;0.58;0.7;0;Top
0.03;0.63;0.73;0;Top
0.01;0.36;0.56;0;Top
0.01;0.57;0.36;0;Top
0.01;0.52;0.3;0;Top
0.01;0.59;0.5;0;Top
0.01;0.48;0.3;0;Top
0.01;0.51;0.5;0;Top
0.01;0.52;0.29;0;Top
0.01;0.56;0.26;0;Top
0.01;0.56;0.42;0;Top
0.01;0.35;0.5;0;Top
0.01;0.38;0.39;0;Top
0.03;0.55;0.77;0;Top
0.01;0.54;0.27;0;Top
0.01;0.56;0.34;0;Top
0.01;0.53;0.3;0;Top
0.01;0.57;0.25;0;Top
0.17;0.58;2.54;0;Top
0.02;0.58;0.57;0;Top
0.01;0.54;0.37;0;Top
0.01;0.55;0.41;0;Top
0.01;0.5;0.53;0;Top
0.02;0.54;0.67;0;Top
0.05;0.59;1.18;0;Top
0.01;0.59;0.32;0;Top
0.01;0.57;0.49;0;Top
0.01;0.36;0.49;0;Top
0.01;0.37;0.53;0;Top
0.01;0.61;0.31;0;Top
0.02;0.57;0.56;0;Top
0.01;0.56;0.33;0;Top
0.02;0.58;0.59;0;Top
0.11;0.6;1.85;0;Top
0.01;0.57;0.26;0;Top
0.01;0.51;0.31;0;Top
0.01;0.58;0.26;0;Top
0.01;0.57;0.27;0;Top
0.15;0.59;2.35;0;Top
0.01;0.56;0.36;0;Top
0.01;0.58;0.3;0;Top
0.01;0.6;0.36;0;Top
0.01;0.61;0.24;0;Top
0.01;0.63;0.34;0;Top
0.01;0.57;0.32;0;Top
0.02;0.29;1.25;0;Top
0.01;0.6;0.24;0;Top
0.01;0.59;0.32;0;Top
0.07;0.64;1.28;0;Top
0.01;0.61;0.48;0;Top
0.03;0.62;0.77;0;Top
0.01;0.62;0.3;0;Top
0.01;0.62;0.24;0;Top
0.01;0.61;0.29;0;Top
0.01;0.57;0.33;0;Top
0.02;0.59;0.59;0;Top
0.01;0.61;0.28;0;Top
0.01;0.58;0.28;0;Top
0.02;0.63;0.54;0;Top
0.03;0.6;0.8;0;Top
0.01;0.59;0.3;0;Top
0.01;0.58;0.33;0;Top
0.02;0.62;0.51;0;Top
0.01;0.64;0.24;0;Top
0.02;0.64;0.6;0;Top
0.01;0.61;0.24;0;Top
0.01;0.62;0.34;0;Top
0.01;0.62;0.43;0;Top
0.01;0.63;0.27;0;Top
0.01;0.64;0.31;0;Top
0.02;0.64;0.52;0;Top
0.01;0.68;0.25;1;Bottom
0.01;0.64;0.25;1;Bottom
0.01;0.65;0.27;1;Bottom
0.01;0.62;0.36;1;Bottom
0.01;0.66;0.35;1;Bottom
0.01;0.63;0.23;1;Bottom
0.01;0.62;0.42;1;Bottom
0.01;0.61;0.43;1;Bottom
0.01;0.6;0.27;1;Bottom
0.01;0.62;0.45;1;Bottom
0.01;0.6;0.28;1;Bottom
0.01;0.63;0.24;1;Bottom
0.02;0.65;0.54;1;Bottom
0.01;0.61;0.29;1;Bottom
0.01;0.61;0.27;1;Bottom
0.01;0.6;0.25;1;Bottom
0.01;0.61;0.27;1;Bottom
0.01;0.63;0.36;1;Bottom
0.01;0.59;0.25;1;Bottom
0.01;0.58;0.29;1;Bottom
0.01;0.61;0.28;1;Bottom
0.01;0.58;0.25;1;Bottom
0.01;0.57;0.45;1;Bottom
0.01;0.56;0.3;1;Bottom
0.01;0.6;0.34;1;Bottom
0.01;0.64;0.27;1;Bottom
0.01;0.52;0.34;1;Bottom
0.01;0.56;0.32;1;Bottom
0.01;0.58;0.28;1;Bottom
0.02;0.58;0.58;1;Bottom
0.02;0.56;0.62;1;Bottom
0.01;0.54;0.32;1;Bottom
0.01;0.56;0.29;1;Bottom
0.01;0.57;0.29;1;Bottom
0.01;0.58;0.29;1;Bottom
0.02;0.55;0.54;1;Bottom
0.01;0.55;0.36;1;Bottom
0.02;0.56;0.68;1;Bottom
0.01;0.38;0.39;1;Bottom
0.01;0.6;0.32;1;Bottom
0.01;0.65;0.27;1;Bottom
0.01;0.54;0.3;1;Bottom
0.04;0.54;1.01;1;Bottom
0.01;0.36;0.44;1;Bottom
0.01;0.52;0.29;1;Bottom
0.01;0.63;0.31;1;Bottom
0.01;0.35;0.62;1;Bottom
0.01;0.63;0.25;1;Bottom
0.02;0.54;0.7;1;Bottom
0.01;0.4;0.42;1;Bottom
0.01;0.48;0.48;1;Bottom
0.01;0.38;0.39;1;Bottom
0.03;0.52;0.93;1;Bottom
0.01;0.65;0.41;1;Bottom
0.01;0.36;0.46;1;Bottom
0.01;0.33;0.51;1;Bottom
0.01;0.3;0.6;1;Bottom
0.07;0.52;1.63;1;Bottom
0.01;0.54;0.29;1;Bottom
0.01;0.51;0.29;1;Bottom
0.01;0.35;0.48;1;Bottom
0.03;0.61;0.71;1;Bottom
0.07;0.5;1.69;1;Bottom
0.01;0.36;0.41;1;Bottom
0.01;0.59;0.26;1;Bottom
0.01;0.39;0.54;1;Bottom
0.01;0.49;0.33;1;Bottom
0.01;0.49;0.29;1;Bottom
0.01;0.49;0.3;1;Bottom
0.01;0.33;0.54;1;Bottom
0.01;0.35;0.66;1;Bottom
0.08;0.5;1.75;1;Bottom
0.01;0.64;0.24;1;Bottom
0.01;0.39;0.37;1;Bottom
0.01;0.31;0.64;1;Bottom
0.02;0.37;0.93;1;Bottom
0.02;0.27;1.44;1;Bottom
0.01;0.35;0.43;1;Bottom
0.08;0.55;1.58;1;Bottom
0.01;0.33;0.61;1;Bottom
0.01;0.51;0.28;1;Bottom
0.01;0.65;0.3;1;Bottom
0.02;0.62;0.48;1;Bottom
0.02;0.27;1.47;1;Bottom
0.01;0.47;0.31;1;Bottom
0.01;0.34;0.73;1;Bottom
0.04;0.63;0.91;1;Bottom
0.02;0.63;0.63;1;Bottom
0.03;0.61;0.73;1;Bottom
0.01;0.34;0.51;1;Bottom
0.01;0.32;0.44;1;Bottom
0.61;0.5;6.92;1;Bottom
0.06;0.63;1.14;1;Bottom
0.07;0.55;1.53;1;Bottom
0.01;0.32;0.55;1;Bottom
0.01;0.36;0.53;1;Bottom
0.01;0.49;0.51;1;Bottom
0.01;0.31;0.89;1;Bottom
0.01;0.34;0.48;1;Bottom
0.01;0.31;0.6;1;Bottom
0.01;0.35;0.41;1;Bottom
0.01;0.32;0.51;1;Bottom
0.01;0.29;0.75;1;Bottom
0.01;0.33;0.45;1;Bottom
0.01;0.39;0.66;1;Bottom
0.01;0.4;0.42;1;Bottom
0.01;0.33;0.54;1;Bottom
0.01;0.36;0.43;1;Bottom
0.02;0.32;0.94;1;Bottom
0.01;0.45;0.41;1;Bottom
0.01;0.45;0.31;1;Bottom
0.01;0.53;0.3;1;Bottom
0.01;0.34;0.6;1;Bottom
0.01;0.39;0.43;1;Bottom
0.01;0.35;0.41;1;Bottom
0.01;0.35;0.44;1;Bottom
0.01;0.52;0.4;1;Bottom
0.01;0.53;0.49;1;Bottom
0.01;0.33;0.45;1;Bottom
0.01;0.34;0.42;1;Bottom
0.02;0.59;0.63;1;Bottom
0.01;0.32;0.57;1;Bottom
0.01;0.32;0.56;1;Bottom
0.02;0.28;1.28;1;Bottom
0.01;0.35;0.44;1;Bottom
0.01;0.55;0.29;1;Bottom
0.01;0.63;0.32;1;Bottom
0.01;0.32;0.57;1;Bottom
0.05;0.58;1.2;1;Bottom
0.01;0.45;0.51;1;Bottom
0.01;0.63;0.27;1;Bottom
0.01;0.34;0.46;1;Bottom
0.01;0.34;0.42;1;Bottom
0.01;0.35;0.49;1;Bottom
0.01;0.6;0.28;1;Bottom
0.01;0.32;0.59;1;Bottom
0.06;0.46;1.61;1;Bottom
0.01;0.49;0.33;1;Bottom
0.01;0.34;0.42;1;Bottom
0.04;0.44;1.26;1;Bottom
0.01;0.3;0.87;1;Bottom
0.01;0.33;0.48;1;Bottom
0.01;0.4;0.35;1;Bottom
0.02;0.48;0.64;1;Bottom
0.01;0.62;0.27;1;Bottom
0.01;0.31;0.64;1;Bottom
0.01;0.3;0.73;1;Bottom
0.01;0.32;0.48;1;Bottom
0.02;0.65;0.58;1;Bottom
0.01;0.46;0.48;1;Bottom
0.01;0.32;0.51;1;Bottom
0.01;0.34;0.43;1;Bottom
0.01;0.34;0.44;1;Bottom
0.01;0.3;0.48;1;Bottom
0.01;0.32;0.5;1;Bottom
0.01;0.34;0.45;1;Bottom
0.01;0.34;0.47;1;Bottom
0.01;0.65;0.39;1;Bottom
0.01;0.33;0.64;1;Bottom
0.01;0.34;0.47;1;Bottom
0.01;0.37;0.41;1;Bottom
0.01;0.41;0.37;1;Bottom
0.01;0.35;0.44;1;Bottom
0.03;0.61;0.71;1;Bottom
0.01;0.39;0.43;1;Bottom
0.01;0.63;0.23;1;Bottom
0.01;0.38;0.5;1;Bottom
0.01;0.33;0.56;1;Bottom
0.01;0.48;0.3;1;Bottom
0.01;0.31;0.59;1;Bottom
0.01;0.33;0.44;1;Bottom
0.01;0.32;0.44;1;Bottom
0.01;0.64;0.36;1;Bottom
0.01;0.31;0.59;1;Bottom
0.01;0.29;0.7;1;Bottom
0.01;0.51;0.31;1;Bottom
0.01;0.3;0.58;1;Bottom
0.01;0.32;0.56;1;Bottom
0.01;0.35;0.59;1;Bottom
0.01;0.33;0.46;1;Bottom
0.01;0.32;0.49;1;Bottom
0.03;0.44;1.11;1;Bottom
0.01;0.31;0.55;1;Bottom
0.01;0.34;0.45;1;Bottom
0.01;0.34;0.41;1;Bottom
0.11;0.59;1.84;1;Bottom
0.01;0.35;0.42;1;Bottom
0.01;0.33;0.44;1;Bottom
0.01;0.31;0.49;1;Bottom
0.01;0.31;0.51;1;Bottom
0.02;0.25;1.35;1;Bottom
0.01;0.28;0.82;1;Bottom
0.01;0.34;0.5;1;Bottom
0.01;0.34;0.42;1;Bottom
0.01;0.38;0.4;1;Bottom
0.01;0.32;0.56;1;Bottom
0.01;0.3;0.65;1;Bottom
0.01;0.31;0.74;1;Bottom
0.01;0.49;0.31;1;Bottom
0.02;0.24;1.65;1;Bottom
0.01;0.33;0.59;1;Bottom
0.01;0.28;0.99;1;Bottom
0.01;0.39;0.36;1;Bottom
0.03;0.32;1.31;1;Bottom
0.01;0.33;0.42;1;Bottom
0.01;0.32;0.5;1;Bottom
0.04;0.25;2.21;1;Bottom
0.01;0.31;0.81;1;Bottom
0.01;0.29;1;1;Bottom
0.01;0.34;0.59;1;Bottom
0.01;0.37;0.5;1;Bottom
0.01;0.34;0.65;1;Bottom
0.01;0.32;0.54;1;Bottom
0.01;0.33;0.45;1;Bottom
0.01;0.44;0.38;1;Bottom
0.01;0.34;0.67;1;Bottom
0.01;0.4;0.41;1;Bottom
0.01;0.61;0.27;1;Bottom
0.01;0.35;0.44;1;Bottom
0.01;0.39;0.45;1;Bottom
0.04;0.25;2.07;1;Bottom
0.01;0.34;0.44;1;Bottom
0.01;0.46;0.41;1;Bottom
0.01;0.31;0.47;1;Bottom
0.01;0.39;0.58;1;Bottom
0.01;0.32;0.5;1;Bottom
0.01;0.35;0.56;1;Bottom
0.01;0.3;0.5;1;Bottom
0.01;0.34;0.5;1;Bottom
0.01;0.3;0.57;1;Bottom
0.01;0.32;0.53;1;Bottom
0.01;0.35;0.44;1;Bottom
0.01;0.28;0.7;1;Bottom
0.01;0.31;0.68;1;Bottom
0.01;0.29;0.8;1;Bottom
0.01;0.66;0.24;1;Bottom
0.01;0.32;0.44;1;Bottom
0.01;0.32;0.56;1;Bottom
0.01;0.4;0.68;1;Bottom
0.01;0.3;0.63;1;Bottom
0.01;0.34;0.48;1;Bottom
0.01;0.27;1.06;1;Bottom
0.05;0.54;1.29;1;Bottom
0.01;0.49;0.44;1;Bottom
0.01;0.32;0.53;1;Bottom
0.01;0.32;0.77;1;Bottom
0.01;0.53;0.33;1;Bottom
0.01;0.38;0.62;1;Bottom
0.01;0.32;0.49;1;Bottom
0.01;0.5;0.37;1;Bottom
0.02;0.26;1.55;1;Bottom
0.01;0.33;0.44;1;Bottom
0.01;0.3;0.49;1;Bottom
0.01;0.32;0.64;1;Bottom
0.01;0.31;0.51;1;Bottom
0.01;0.41;0.36;1;Bottom
0.01;0.31;0.56;1;Bottom
0.02;0.25;1.48;1;Bottom
0.01;0.64;0.27;1;Bottom
0.04;0.63;0.96;1;Bottom
0.01;0.3;0.74;1;Bottom
0.01;0.31;0.69;1;Bottom
0.01;0.31;0.84;1;Bottom
0.01;0.37;0.39;1;Bottom
0.01;0.3;0.57;1;Bottom
0.01;0.33;0.55;1;Bottom
0.01;0.32;0.55;1;Bottom
0.02;0.28;1.15;1;Bottom
0.03;0.57;0.83;1;Bottom
0.01;0.29;0.91;1;Bottom
0.01;0.28;0.72;1;Bottom
0.02;0.25;1.5;1;Bottom
0.01;0.36;0.4;1;Bottom
0.01;0.25;1.16;1;Bottom
0.01;0.29;0.95;1;Bottom
0.01;0.32;0.49;1;Bottom
0.01;0.29;0.56;1;Bottom
0.01;0.3;0.64;1;Bottom
0.01;0.31;0.51;1;Bottom
0.01;0.28;0.78;1;Bottom
0.02;0.25;1.49;1;Bottom
0.01;0.31;0.51;1;Bottom
0.01;0.36;0.45;1;Bottom
0.01;0.32;0.61;1;Bottom
0.02;0.62;0.51;1;Bottom
0.01;0.39;0.49;1;Bottom
0.01;0.33;0.47;1;Bottom
0.01;0.31;0.47;1;Bottom
0.01;0.41;0.65;1;Bottom
0.01;0.37;0.43;1;Bottom
0.01;0.33;0.7;1;Bottom
0.01;0.32;0.49;1;Bottom
0.01;0.3;0.64;1;Bottom
0.01;0.32;0.66;1;Bottom
0.01;0.32;0.47;1;Bottom
0.04;0.65;0.93;1;Bottom
0.01;0.33;0.47;1;Bottom
0.05;0.57;1.13;1;Bottom
0.01;0.34;0.51;1;Bottom
0.01;0.34;0.44;1;Bottom
0.04;0.34;1.67;1;Bottom
0.01;0.33;0.5;1;Bottom
0.01;0.28;0.89;1;Bottom
0.01;0.43;0.4;1;Bottom
0.04;0.22;2.73;1;Bottom
0.01;0.31;0.46;1;Bottom
0.01;0.27;0.81;1;Bottom
0.01;0.64;0.45;1;Bottom
0.01;0.28;1.02;1;Bottom
0.01;0.64;0.29;1;Bottom
0.01;0.32;0.47;1;Bottom
0.01;0.29;0.98;1;Bottom
0.01;0.27;1.03;1;Bottom
0.01;0.3;0.77;1;Bottom
0.03;0.25;1.79;1;Bottom
0.02;0.64;0.61;1;Bottom
0.01;0.33;0.44;1;Bottom
0.01;0.32;0.59;1;Bottom
0.01;0.42;0.55;1;Bottom
0.02;0.31;0.99;1;Bottom
0.01;0.35;0.51;1;Bottom
0.01;0.31;0.68;1;Bottom
0.01;0.3;0.71;1;Bottom
0.01;0.32;0.45;1;Bottom
0.01;0.3;0.6;1;Bottom
0.02;0.33;0.94;1;Bottom
0.01;0.33;0.52;1;Bottom
0.01;0.29;0.52;1;Bottom
0.03;0.29;1.64;1;Bottom
0.01;0.27;0.95;1;Bottom
0.01;0.45;0.34;1;Bottom
0.01;0.34;0.43;1;Bottom
0.01;0.29;0.72;1;Bottom
0.01;0.26;0.78;1;Bottom
0.01;0.41;0.36;1;Bottom
0.01;0.31;0.54;1;Bottom
0.01;0.36;0.41;1;Bottom
0.01;0.27;1.08;1;Bottom
0.02;0.61;0.56;1;Bottom
0.01;0.64;0.33;1;Bottom
0.01;0.31;0.48;1;Bottom
0.01;0.32;0.54;1;Bottom
0.01;0.61;0.41;1;Bottom
0.01;0.34;0.46;1;Bottom
0.03;0.3;1.56;1;Bottom
0.08;0.22;3.98;1;Bottom
0.01;0.33;0.46;1;Bottom
0.01;0.36;0.44;1;Bottom
0.01;0.32;0.68;1;Bottom
0.02;0.24;1.36;1;Bottom
0.01;0.27;0.91;1;Bottom
0.01;0.3;0.7;1;Bottom
0.02;0.28;1.08;1;Bottom
0.02;0.35;1.03;1;Bottom
0.01;0.3;0.52;1;Bottom
0.01;0.32;0.44;1;Bottom
0.01;0.33;0.43;1;Bottom
0.01;0.67;0.23;1;Bottom
0.02;0.41;0.75;1;Bottom
0.01;0.32;0.46;1;Bottom
0.01;0.32;0.46;1;Bottom
0.01;0.34;0.6;1;Bottom
0.01;0.39;0.41;1;Bottom
0.01;0.29;0.57;1;Bottom
0.01;0.31;0.51;1;Bottom
0.01;0.6;0.24;1;Bottom
0.01;0.42;0.49;1;Bottom
0.01;0.29;0.85;1;Bottom
0.02;0.27;1.45;1;Bottom
0.01;0.3;0.5;1;Bottom
0.01;0.29;0.8;1;Bottom
0.01;0.3;0.88;1;Bottom
0.01;0.33;0.46;1;Bottom
0.01;0.32;0.51;1;Bottom
0.02;0.39;1.04;1;Bottom
0.01;0.31;0.57;1;Bottom
0.04;0.22;2.44;1;Bottom
0.09;0.5;1.87;1;Bottom
0.01;0.32;0.45;1;Bottom
0.01;0.37;0.39;1;Bottom
0.01;0.3;0.71;1;Bottom
0.01;0.36;0.48;1;Bottom
0.01;0.29;0.52;1;Bottom
0.01;0.31;0.46;1;Bottom
0.01;0.33;0.52;1;Bottom
0.01;0.26;0.92;1;Bottom
0.01;0.58;0.31;1;Bottom
0.01;0.39;0.38;1;Bottom
0.01;0.28;0.79;1;Bottom
0.01;0.56;0.25;1;Bottom
0.01;0.32;0.72;1;Bottom
0.01;0.32;0.61;1;Bottom
0.01;0.31;0.71;1;Bottom
0.01;0.29;0.58;1;Bottom
0.01;0.34;0.59;1;Bottom
0.01;0.37;0.4;1;Bottom
0.01;0.3;0.52;1;Bottom
0.01;0.32;0.45;1;Bottom
0.01;0.32;0.67;1;Bottom
0.01;0.27;0.85;1;Bottom
0.01;0.32;0.61;1;Bottom
0.01;0.34;0.53;1;Bottom
0.01;0.32;0.45;1;Bottom
0.01;0.32;0.53;1;Bottom
0.02;0.27;1.2;1;Bottom
0.01;0.33;0.6;1;Bottom
0.04;0.63;0.88;1;Bottom
0.05;0.24;2.73;1;Bottom
0.01;0.36;0.55;1;Bottom
0.02;0.36;0.9;1;Bottom
0.01;0.54;0.31;1;Bottom
0.01;0.3;0.9;1;Bottom
0.01;0.42;0.38;1;Bottom
0.02;0.25;1.57;1;Bottom
0.09;0.21;4.63;1;Bottom
0.01;0.3;0.88;1;Bottom
0.04;0.35;1.53;1;Bottom
0.01;0.25;0.98;1;Bottom
0.01;0.36;0.41;1;Bottom
0.01;0.28;0.56;1;Bottom
0.01;0.3;0.63;1;Bottom
0.01;0.31;0.49;1;Bottom
0.02;0.3;1;1;Bottom
0.01;0.35;0.43;1;Bottom
0.01;0.3;0.68;1;Bottom
0.07;0.39;2;1;Bottom
0.37;0.37;6.69;1;Bottom
0.01;0.33;0.53;1;Bottom
0.42;0.53;5.08;1;Bottom
0.02;0.24;1.36;1;Bottom
0.03;0.27;1.9;1;Bottom
0.01;0.34;0.52;1;Bottom
0.01;0.64;0.32;1;Bottom
0.01;0.31;0.52;1;Bottom
0.01;0.63;0.26;1;Bottom
0.01;0.42;0.41;1;Bottom
0.01;0.31;0.54;1;Bottom
0.02;0.26;1.19;1;Bottom
0.02;0.6;0.57;1;Bottom
0.01;0.32;0.45;1;Bottom
0.03;0.23;2.05;1;Bottom
0.01;0.3;0.79;1;Bottom
0.01;0.3;0.95;1;Bottom
0.01;0.64;0.24;1;Bottom
0.01;0.3;0.51;1;Bottom
0.01;0.41;0.6;1;Bottom
0.01;0.29;0.81;1;Bottom
0.01;0.31;0.59;1;Bottom
0.02;0.23;1.43;1;Bottom
0.01;0.38;0.48;1;Bottom
0.01;0.33;0.51;1;Bottom
0.01;0.32;0.6;1;Bottom
0.01;0.31;0.64;1;Bottom
0.01;0.29;0.72;1;Bottom
0.01;0.31;0.49;1;Bottom
0.02;0.63;0.63;1;Bottom
0.01;0.36;0.81;1;Bottom
0.01;0.32;0.56;1;Bottom
0.04;0.25;2.21;1;Bottom
0.01;0.62;0.44;1;Bottom
0.01;0.64;0.27;1;Bottom
0.02;0.23;1.63;1;Bottom
0.01;0.29;0.52;1;Bottom
0.01;0.33;0.44;1;Bottom
0.01;0.33;0.44;1;Bottom
0.01;0.32;0.45;1;Bottom
0.03;0.25;1.69;1;Bottom
0.01;0.31;0.5;1;Bottom
0.01;0.32;0.64;1;Bottom
0.01;0.29;0.53;1;Bottom
0.01;0.58;0.28;1;Bottom
0.01;0.34;0.54;1;Bottom
0.01;0.32;0.53;1;Bottom
0.01;0.38;0.37;1;Bottom
0.03;0.25;1.95;1;Bottom
0.03;0.65;0.67;1;Bottom
0.01;0.29;0.56;1;Bottom
0.01;0.29;0.7;1;Bottom
0.01;0.65;0.31;1;Bottom
0.01;0.31;0.45;1;Bottom
0.01;0.26;0.73;1;Bottom
0.02;0.6;0.68;1;Bottom
0.01;0.31;0.5;1;Bottom
0.01;0.28;0.51;1;Bottom
0.01;0.25;1.14;1;Bottom
0.01;0.28;0.63;1;Bottom
0.01;0.38;0.41;1;Bottom
0.01;0.32;0.46;1;Bottom
0.16;0.39;3.61;1;Bottom
0.02;0.24;1.54;1;Bottom
0.01;0.32;0.49;1;Bottom
0.01;0.38;0.64;1;Bottom
0.01;0.35;0.58;1;Bottom
0.01;0.27;0.63;1;Bottom
0.01;0.31;0.46;1;Bottom
0.01;0.31;0.45;1;Bottom
0.05;0.26;2.6;1;Bottom
0.01;0.27;1.03;1;Bottom
0.01;0.25;0.98;1;Bottom
0.01;0.25;1;1;Bottom
0.01;0.42;0.46;1;Bottom
0.01;0.31;0.62;1;Bottom
0.01;0.63;0.44;1;Bottom
0.01;0.44;0.42;1;Bottom
0.03;0.48;0.93;1;Bottom
0.01;0.65;0.33;1;Bottom
0.01;0.64;0.3;1;Bottom
0.01;0.36;0.55;1;Bottom
0.04;0.64;0.89;1;Bottom
0.01;0.32;0.49;1;Bottom
0.01;0.29;0.58;1;Bottom
0.01;0.3;0.56;1;Bottom
0.01;0.38;0.53;1;Bottom
0.01;0.33;0.44;1;Bottom
0.01;0.29;0.61;1;Bottom
0.02;0.25;1.26;1;Bottom
0.01;0.28;0.71;1;Bottom
0.02;0.63;0.57;1;Bottom
0.01;0.29;0.5;1;Bottom
0.01;0.31;0.55;1;Bottom
0.01;0.32;0.46;1;Bottom
0.01;0.31;0.93;1;Bottom
0.01;0.33;0.49;1;Bottom
0.01;0.32;0.44;1;Bottom
0.01;0.33;0.43;1;Bottom
0.01;0.28;0.76;1;Bottom
0.01;0.27;0.66;1;Bottom
0.01;0.3;0.53;1;Bottom
0.01;0.27;1.03;1;Bottom
0.01;0.29;0.89;1;Bottom
0.01;0.3;0.52;1;Bottom
0.01;0.36;0.41;1;Bottom
0.01;0.34;0.42;1;Bottom
0.01;0.62;0.41;1;Bottom
0.01;0.27;0.65;1;Bottom
0.01;0.42;0.4;1;Bottom
0.01;0.43;0.34;1;Bottom
0.01;0.35;0.48;1;Bottom
0.01;0.28;0.67;1;Bottom
0.01;0.27;0.98;1;Bottom
0.01;0.28;0.6;1;Bottom
0.01;0.29;0.6;1;Bottom
0.01;0.31;0.5;1;Bottom
0.02;0.27;1.18;1;Bottom
0.01;0.31;0.51;1;Bottom
0.01;0.3;0.73;1;Bottom
0.01;0.33;0.48;1;Bottom
0.01;0.32;0.45;1;Bottom
0.01;0.3;0.47;1;Bottom
0.01;0.32;0.45;1;Bottom
0.03;0.25;1.75;1;Bottom
0.01;0.31;0.45;1;Bottom
0.01;0.33;0.55;1;Bottom
0.01;0.64;0.33;1;Bottom
0.09;0.32;3.03;1;Bottom
0.01;0.34;0.6;1;Bottom
0.04;0.61;0.99;1;Bottom
0.01;0.64;0.24;1;Bottom
0.01;0.31;0.56;1;Bottom
0.01;0.3;0.55;1;Bottom
0.01;0.28;0.67;1;Bottom
0.01;0.3;0.68;1;Bottom
0.01;0.65;0.3;1;Bottom
0.01;0.3;0.6;1;Bottom
0.01;0.3;0.49;1;Bottom
0.02;0.31;0.99;1;Bottom
0.01;0.3;0.49;1;Bottom
0.01;0.33;0.55;1;Bottom
0.01;0.29;0.62;1;Bottom
0.01;0.61;0.39;1;Bottom
0.01;0.29;0.6;1;Bottom
0.01;0.66;0.39;1;Bottom
0.01;0.31;0.57;1;Bottom
0.03;0.25;1.91;1;Bottom
0.01;0.32;0.45;1;Bottom
0.01;0.29;0.51;1;Bottom
0.01;0.64;0.25;1;Bottom
0.01;0.26;1.08;1;Bottom
0.01;0.31;0.61;1;Bottom
0.02;0.62;0.47;1;Bottom
0.01;0.29;0.49;1;Bottom
0.01;0.3;0.53;1;Bottom
0.01;0.29;0.82;1;Bottom
0.01;0.25;1.13;1;Bottom
0.01;0.6;0.47;1;Bottom
0.01;0.29;0.49;1;Bottom
0.01;0.3;0.49;1;Bottom
0.01;0.36;0.41;1;Bottom
0.11;0.64;1.76;1;Bottom
0.03;0.23;1.85;1;Bottom
0.01;0.27;0.87;1;Bottom
0.02;0.31;1.15;1;Bottom
0.01;0.27;0.87;1;Bottom
0.01;0.6;0.27;1;Bottom
0.03;0.64;0.68;1;Bottom
0.01;0.62;0.23;1;Bottom
0.01;0.32;0.44;1;Bottom
0.01;0.34;0.43;1;Bottom
0.03;0.64;0.72;1;Bottom
0.01;0.35;0.5;1;Bottom
0.02;0.3;1.22;1;Bottom
0.02;0.26;1.19;1;Bottom
0.02;0.25;1.4;1;Bottom
0.01;0.25;1.06;1;Bottom
0.01;0.56;0.26;1;Bottom
0.02;0.24;1.36;1;Bottom
0.01;0.34;0.44;1;Bottom
0.01;0.37;0.41;1;Bottom
0.04;0.26;2.2;1;Bottom
0.01;0.32;0.51;1;Bottom
0.01;0.29;0.6;1;Bottom
0.02;0.64;0.56;1;Bottom
0.01;0.35;0.61;1;Bottom
0.01;0.31;0.5;1;Bottom
0.01;0.3;0.54;1;Bottom
0.04;0.33;1.71;1;Bottom
0.02;0.34;1.08;1;Bottom
0.01;0.32;0.53;1;Bottom
0.01;0.28;0.77;1;Bottom
0.06;0.26;2.76;1;Bottom
0.01;0.36;0.44;1;Bottom
0.02;0.24;1.48;1;Bottom
0.01;0.28;0.61;1;Bottom
0.01;0.28;0.55;1;Bottom
0.01;0.33;0.44;1;Bottom
0.01;0.28;0.77;1;Bottom
0.01;0.33;0.54;1;Bottom
0.01;0.31;0.52;1;Bottom
0.01;0.31;0.69;1;Bottom
0.03;0.25;1.8;1;Bottom
0.01;0.3;0.56;1;Bottom
0.01;0.29;0.69;1;Bottom
0.01;0.3;0.66;1;Bottom
0.01;0.31;0.46;1;Bottom
0.01;0.28;0.62;1;Bottom
0.01;0.26;0.79;1;Bottom
0.01;0.26;0.71;1;Bottom
0.01;0.3;0.51;1;Bottom
0.01;0.34;0.52;1;Bottom
0.01;0.27;0.58;1;Bottom
0.01;0.31;0.68;1;Bottom
0.01;0.29;0.51;1;Bottom
0.02;0.22;1.59;1;Bottom
0.26;0.53;3.71;1;Bottom
0.01;0.33;0.54;1;Bottom
0.01;0.29;0.59;1;Bottom
0.07;0.22;3.75;1;Bottom
0.01;0.31;0.78;1;Bottom
0.02;0.26;1.25;1;Bottom
0.03;0.23;1.88;1;Bottom
0.01;0.29;0.81;1;Bottom
0.01;0.26;1.04;1;Bottom
0.01;0.27;0.98;1;Bottom
0.01;0.38;0.4;1;Bottom
0.02;0.27;1.16;1;Bottom
0.01;0.34;0.66;1;Bottom
0.01;0.29;0.57;1;Bottom
0.01;0.63;0.4;1;Bottom
0.02;0.26;1.21;1;Bottom
0.01;0.32;0.45;1;Bottom
0.01;0.33;0.5;1;Bottom
0.01;0.33;0.44;1;Bottom
0.01;0.31;0.52;1;Bottom
0.02;0.24;1.51;1;Bottom
0.01;0.24;1.14;1;Bottom
0.01;0.3;0.56;1;Bottom
0.01;0.29;0.5;1;Bottom
0.01;0.32;0.46;1;Bottom
0.01;0.25;0.86;1;Bottom
0.02;0.61;0.57;1;Bottom
0.01;0.27;0.76;1;Bottom
0.02;0.29;1.04;1;Bottom
0.01;0.33;0.55;1;Bottom
0.01;0.27;0.92;1;Bottom
0.01;0.32;0.61;1;Bottom
0.01;0.27;0.56;1;Bottom
0.01;0.3;0.67;1;Bottom
0.01;0.26;1.07;1;Bottom
0.01;0.34;0.48;1;Bottom
0.01;0.27;0.78;1;Bottom
0.01;0.28;0.76;1;Bottom
0.02;0.25;1.23;1;Bottom
0.01;0.34;0.44;1;Bottom
0.01;0.37;0.38;1;Bottom
0.01;0.3;0.48;1;Bottom
0.01;0.3;0.53;1;Bottom
0.02;0.3;1.11;1;Bottom
0.01;0.66;0.31;1;Bottom
0.01;0.28;1.04;1;Bottom
0.02;0.63;0.56;1;Bottom
0.01;0.32;0.87;1;Bottom
0.01;0.25;0.76;1;Bottom
0.01;0.3;0.76;1;Bottom
0.02;0.23;1.35;1;Bottom
0.01;0.31;0.53;1;Bottom
0.01;0.24;1.09;1;Bottom
0.01;0.27;0.76;1;Bottom
0.01;0.27;0.8;1;Bottom
0.01;0.28;0.68;1;Bottom
0.01;0.29;0.5;1;Bottom
0.01;0.49;0.44;1;Bottom
0.22;0.5;3.45;1;Bottom
0.01;0.33;0.44;1;Bottom
0.06;0.35;2.15;1;Bottom
0.01;0.29;0.53;1;Bottom
0.02;0.26;1.12;1;Bottom
0.01;0.3;0.75;1;Bottom
0.01;0.35;0.45;1;Bottom
0.01;0.31;0.56;1;Bottom
6.47;0.35;48.37;1;Bottom
0.01;0.24;0.96;1;Bottom
0.02;0.33;1;1;Bottom
0.01;0.31;0.47;1;Bottom
0.01;0.49;0.33;1;Bottom
0.01;0.32;0.48;1;Bottom
0.01;0.34;0.43;1;Bottom
0.01;0.3;0.58;1;Bottom
0.01;0.34;0.72;1;Bottom
0.01;0.35;0.69;1;Bottom
0.01;0.34;0.64;1;Bottom
0.01;0.3;0.74;1;Bottom
0.01;0.27;0.71;1;Bottom
0.02;0.22;1.55;1;Bottom
0.01;0.32;0.46;1;Bottom
0.01;0.3;0.54;1;Bottom
0.01;0.37;0.4;1;Bottom
0.01;0.28;0.75;1;Bottom
0.01;0.25;1.18;1;Bottom
0.01;0.3;0.61;1;Bottom
0.01;0.27;0.61;1;Bottom
0.01;0.31;0.47;1;Bottom
0.01;0.28;0.61;1;Bottom
0.01;0.33;0.52;1;Bottom
0.01;0.34;0.77;1;Bottom
0.01;0.63;0.32;1;Bottom
0.04;0.27;2.1;1;Bottom
0.01;0.3;0.57;1;Bottom
0.01;0.29;0.89;1;Bottom
0.01;0.31;0.48;1;Bottom
0.01;0.32;0.44;1;Bottom
0.03;0.29;1.48;1;Bottom
0.01;0.28;0.6;1;Bottom
0.34;0.34;6.99;1;Bottom
0.01;0.64;0.36;1;Bottom
0.01;0.29;0.49;1;Bottom
0.01;0.33;0.45;1;Bottom
0.01;0.3;0.5;1;Bottom
0.03;0.25;1.77;1;Bottom
0.01;0.29;0.49;1;Bottom
0.01;0.28;0.55;1;Bottom
0.01;0.3;0.48;1;Bottom
0.01;0.33;0.48;1;Bottom
0.01;0.32;0.48;1;Bottom
0.01;0.27;0.82;1;Bottom
0.01;0.63;0.32;1;Bottom
0.01;0.64;0.38;1;Bottom
0.01;0.25;0.62;1;Bottom
0.01;0.3;0.57;1;Bottom
0.01;0.25;1.06;1;Bottom
0.01;0.29;0.54;1;Bottom
0.01;0.3;0.58;1;Bottom
0.01;0.29;0.56;1;Bottom
0.01;0.55;0.3;1;Bottom
0.02;0.22;1.46;1;Bottom
0.01;0.31;0.48;1;Bottom
0.01;0.23;1.08;1;Bottom
0.01;0.28;0.62;1;Bottom
0.01;0.4;0.37;1;Bottom
0.13;0.18;6.63;1;Bottom
0.01;0.32;0.55;1;Bottom
0.01;0.64;0.38;1;Bottom
0.01;0.29;0.52;1;Bottom
0.01;0.26;0.91;1;Bottom
0.02;0.29;1.11;1;Bottom
0.01;0.65;0.22;1;Bottom
0.01;0.23;1.22;1;Bottom
0.01;0.29;0.69;1;Bottom
0.01;0.38;0.72;1;Bottom
0.01;0.26;1.09;1;Bottom
0.01;0.32;0.51;1;Bottom
0.01;0.26;0.68;1;Bottom
0.01;0.28;0.57;1;Bottom
0.02;0.59;0.65;1;Bottom
0.01;0.35;0.47;1;Bottom
0.01;0.29;0.61;1;Bottom
0.01;0.32;0.46;1;Bottom
0.01;0.3;0.52;1;Bottom
0.01;0.3;0.65;1;Bottom
0.01;0.25;0.81;1;Bottom
0.01;0.29;0.61;1;Bottom
0.01;0.36;0.46;1;Bottom
0.01;0.64;0.41;1;Bottom
0.02;0.3;1.22;1;Bottom
0.01;0.26;0.76;1;Bottom
0.01;0.38;0.39;1;Bottom
0.02;0.28;1.09;1;Bottom
0.01;0.24;0.86;1;Bottom
0.01;0.62;0.23;1;Bottom
0.01;0.27;0.84;1;Bottom
0.01;0.34;0.53;1;Bottom
0.01;0.26;0.57;1;Bottom
0.01;0.63;0.23;1;Bottom
0.05;0.41;1.62;1;Bottom
0.01;0.26;0.94;1;Bottom
0.01;0.25;0.62;1;Bottom
0.01;0.3;0.5;1;Bottom
0.01;0.34;0.45;1;Bottom
0.01;0.26;0.85;1;Bottom
0.01;0.27;0.63;1;Bottom
0.01;0.29;0.82;1;Bottom
0.01;0.27;0.83;1;Bottom
0.01;0.27;0.83;1;Bottom
0.01;0.28;0.6;1;Bottom
0.01;0.26;1.05;1;Bottom
0.02;0.26;1.26;1;Bottom
0.01;0.3;0.59;1;Bottom
0.02;0.62;0.51;1;Bottom
0.04;0.28;2.01;1;Bottom
0.01;0.38;0.39;1;Bottom
0.01;0.35;0.41;1;Bottom
0.05;0.61;1.04;1;Bottom
0.01;0.28;0.51;1;Bottom
0.01;0.28;0.75;1;Bottom
0.01;0.27;0.6;1;Bottom
0.01;0.26;1.01;1;Bottom
0.02;0.26;1.28;1;Bottom
0.01;0.31;0.57;1;Bottom
0.02;0.3;1.22;1;Bottom
0.01;0.29;0.54;1;Bottom
0.06;0.19;3.78;1;Bottom
0.02;0.23;1.47;1;Bottom
0.01;0.3;0.49;1;Bottom
0.04;0.21;2.78;1;Bottom
0.01;0.27;0.61;1;Bottom
0.05;0.21;2.95;1;Bottom
0.01;0.27;0.81;1;Bottom
0.01;0.63;0.31;1;Bottom
0.01;0.24;0.99;1;Bottom
0.01;0.63;0.26;1;Bottom
0.01;0.63;0.24;1;Bottom
0.02;0.36;0.89;1;Bottom
0.01;0.27;0.62;1;Bottom
0.01;0.3;0.53;1;Bottom
0.01;0.31;0.47;1;Bottom
0.02;0.27;1.31;1;Bottom
0.01;0.28;0.52;1;Bottom
0.01;0.27;0.81;1;Bottom
0.01;0.59;0.44;1;Bottom
0.01;0.3;0.97;1;Bottom
0.01;0.31;0.47;1;Bottom
0.01;0.28;0.53;1;Bottom
0.02;0.64;0.56;1;Bottom
0.01;0.3;0.48;1;Bottom
0.01;0.32;0.55;1;Bottom
0.01;0.29;0.55;1;Bottom
0.01;0.59;0.27;1;Bottom
0.01;0.36;0.7;1;Bottom
0.01;0.26;0.73;1;Bottom
0.01;0.33;0.58;1;Bottom
0.01;0.29;0.54;1;Bottom
0.01;0.29;0.56;1;Bottom
0.01;0.24;1.15;1;Bottom
0.01;0.27;0.86;1;Bottom
0.02;0.25;1.24;1;Bottom
0.01;0.26;1.05;1;Bottom
0.01;0.25;1.07;1;Bottom
0.01;0.3;0.49;1;Bottom
0.01;0.28;0.52;1;Bottom
0.02;0.28;1.12;1;Bottom
0.01;0.28;0.56;1;Bottom
0.01;0.24;0.72;1;Bottom
0.01;0.32;0.45;1;Bottom
0.01;0.27;0.52;1;Bottom
0.01;0.31;0.57;1;Bottom
0.02;0.21;1.81;1;Bottom
0.01;0.28;0.61;1;Bottom
0.01;0.26;0.99;1;Bottom
0.01;0.24;1.2;1;Bottom
0.01;0.26;0.71;1;Bottom
0.01;0.26;0.82;1;Bottom
0.02;0.63;0.5;1;Bottom
0.01;0.25;1;1;Bottom
0.01;0.35;0.41;1;Bottom
0.01;0.29;0.49;1;Bottom
0.01;0.28;0.74;1;Bottom
0.01;0.24;1.19;1;Bottom
0.01;0.3;0.49;1;Bottom
0.01;0.28;0.59;1;Bottom
0.01;0.26;0.61;1;Bottom
0.01;0.29;0.49;1;Bottom
0.03;0.21;2.42;1;Bottom
0.01;0.29;0.93;1;Bottom
0.01;0.3;0.48;1;Bottom
0.01;0.32;0.48;1;Bottom
0.01;0.66;0.26;1;Bottom
0.01;0.27;0.64;1;Bottom
0.01;0.27;0.57;1;Bottom
0.01;0.37;0.54;1;Bottom
0.01;0.27;1.06;1;Bottom
0.01;0.3;0.47;1;Bottom
0.01;0.3;0.5;1;Bottom
0.02;0.27;1.46;1;Bottom
0.01;0.25;0.61;1;Bottom
0.01;0.28;0.52;1;Bottom
0.09;0.2;4.99;1;Bottom
0.02;0.2;2.07;1;Bottom
0.01;0.31;0.47;1;Bottom
0.03;0.24;1.91;1;Bottom
0.01;0.28;0.56;1;Bottom
0.02;0.26;1.33;1;Bottom
0.01;0.59;0.43;1;Bottom
0.01;0.3;0.59;1;Bottom
0.01;0.25;0.78;1;Bottom
0.01;0.38;0.39;1;Bottom
0.02;0.23;1.42;1;Bottom
0.01;0.26;0.87;1;Bottom
0.01;0.25;0.93;1;Bottom
0.05;0.28;2.4;1;Bottom
0.01;0.31;0.52;1;Bottom
0.01;0.27;0.57;1;Bottom
0.02;0.25;1.34;1;Bottom
0.01;0.28;0.6;1;Bottom
0.01;0.35;0.5;1;Bottom
0.01;0.32;0.5;1;Bottom
0.01;0.24;1;1;Bottom
0.01;0.27;0.8;1;Bottom
0.01;0.3;0.5;1;Bottom
0.01;0.27;0.75;1;Bottom
0.07;0.2;4.25;1;Bottom
0.01;0.32;0.45;1;Bottom
0.01;0.26;1.06;1;Bottom
0.01;0.3;0.63;1;Bottom
0.01;0.62;0.46;1;Bottom
0.01;0.26;0.81;1;Bottom
0.02;0.35;0.87;1;Bottom
0.09;0.61;1.59;1;Bottom
0.01;0.27;0.52;1;Bottom
0.01;0.29;0.51;1;Bottom
0.01;0.36;0.42;1;Bottom
0.02;0.64;0.49;1;Bottom
0.01;0.27;0.92;1;Bottom
0.01;0.26;0.69;1;Bottom
0.01;0.28;0.54;1;Bottom
0.01;0.26;0.66;1;Bottom
0.01;0.3;0.51;1;Bottom
0.01;0.31;0.53;1;Bottom
0.01;0.3;0.5;1;Bottom
0.01;0.25;0.95;1;Bottom
0.01;0.29;0.56;1;Bottom
0.01;0.31;0.47;1;Bottom
0.01;0.24;0.84;1;Bottom
0.01;0.28;0.68;1;Bottom
0.01;0.27;0.88;1;Bottom
0.01;0.37;0.61;1;Bottom
0.01;0.32;0.5;1;Bottom
0.01;0.29;0.5;1;Bottom
0.01;0.36;0.47;1;Bottom
0.01;0.35;0.42;1;Bottom
0.03;0.59;0.78;1;Bottom
0.01;0.28;0.64;1;Bottom
0.01;0.27;0.66;1;Bottom
0.02;0.26;1.2;1;Bottom
0.01;0.29;0.5;1;Bottom
0.01;0.28;0.72;1;Bottom
0.05;0.22;2.92;1;Bottom
0.02;0.24;1.41;1;Bottom
0.01;0.25;0.73;1;Bottom
0.01;0.24;0.59;1;Bottom
0.01;0.3;0.63;1;Bottom
0.01;0.32;0.49;1;Bottom
0.01;0.26;0.7;1;Bottom
0.01;0.27;0.54;1;Bottom
0.01;0.27;0.58;1;Bottom
0.01;0.62;0.32;1;Bottom
0.01;0.25;0.65;1;Bottom
0.01;0.65;0.36;1;Bottom
0.01;0.31;0.49;1;Bottom
0.01;0.65;0.22;1;Bottom
0.03;0.65;0.64;1;Bottom
0.01;0.3;0.57;1;Bottom
0.01;0.28;0.57;1;Bottom
0.01;0.25;0.78;1;Bottom
0.01;0.27;0.54;1;Bottom
0.01;0.32;0.54;1;Bottom
0.02;0.3;1.29;1;Bottom
0.02;0.65;0.46;1;Bottom
0.02;0.65;0.55;1;Bottom
0.01;0.28;0.56;1;Bottom
0.02;0.27;1.37;1;Bottom
0.01;0.65;0.24;1;Bottom
0.01;0.29;0.67;1;Bottom
0.01;0.29;0.54;1;Bottom
0.01;0.29;0.7;1;Bottom
0.01;0.28;0.62;1;Bottom
0.01;0.26;0.98;1;Bottom
0.01;0.31;0.54;1;Bottom
0.01;0.32;0.51;1;Bottom
0.01;0.24;0.85;1;Bottom
0.01;0.29;0.5;1;Bottom
0.01;0.23;1.21;1;Bottom
0.01;0.3;0.51;1;Bottom
0.01;0.29;0.61;1;Bottom
0.01;0.33;0.48;1;Bottom
0.02;0.64;0.57;1;Bottom
0.01;0.22;1.06;1;Bottom
0.01;0.26;0.98;1;Bottom
0.01;0.28;0.54;1;Bottom
0.01;0.26;0.61;1;Bottom
0.01;0.28;0.66;1;Bottom
0.08;0.62;1.52;1;Bottom
0.01;0.31;0.54;1;Bottom
0.04;0.61;0.93;1;Bottom
0.01;0.3;0.62;1;Bottom
0.02;0.64;0.51;1;Bottom
0.01;0.25;0.59;1;Bottom
0.01;0.27;0.63;1;Bottom
0.04;0.22;2.51;1;Bottom
0.02;0.31;1.15;1;Bottom
0.01;0.27;0.75;1;Bottom
0.03;0.27;1.7;1;Bottom
0.01;0.28;1.01;1;Bottom
0.02;0.64;0.5;1;Bottom
0.01;0.24;0.92;1;Bottom
0.01;0.23;1.12;1;Bottom
0.01;0.29;0.88;1;Bottom
0.01;0.29;0.54;1;Bottom
0.01;0.64;0.36;1;Bottom
0.01;0.28;0.56;1;Bottom
0.01;0.27;0.54;1;Bottom
0.01;0.27;0.83;1;Bottom
0.03;0.26;1.81;1;Bottom
0.01;0.26;0.81;1;Bottom
0.01;0.28;0.5;1;Bottom
0.02;0.24;1.29;1;Bottom
0.01;0.26;0.76;1;Bottom
0.01;0.31;0.55;1;Bottom
0.03;0.28;1.56;1;Bottom
0.02;0.34;1.14;1;Bottom
0.01;0.27;0.52;1;Bottom
0.01;0.26;0.79;1;Bottom
0.01;0.3;0.54;1;Bottom
0.01;0.27;1.08;1;Bottom
0.02;0.63;0.57;1;Bottom
0.01;0.29;0.86;1;Bottom
0.01;0.3;0.53;1;Bottom
0.01;0.27;0.56;1;Bottom
0.02;0.23;1.81;1;Bottom
0.01;0.26;0.54;1;Bottom
0.01;0.66;0.23;1;Bottom
0.06;0.26;3.04;1;Bottom
0.01;0.29;0.61;1;Bottom
0.01;0.33;0.49;1;Bottom
0.01;0.26;0.97;1;Bottom
0.01;0.33;0.53;1;Bottom
0.03;0.63;0.75;1;Bottom
0.01;0.26;0.77;1;Bottom
0.01;0.26;0.7;1;Bottom
0.01;0.32;0.54;1;Bottom
0.01;0.23;0.85;1;Bottom
0.01;0.27;0.71;1;Bottom
0.01;0.23;0.82;1;Bottom
0.01;0.65;0.23;1;Bottom
0.01;0.32;0.5;1;Bottom
1.5;0.28;22.87;1;Bottom
0.01;0.3;0.97;1;Bottom
0.01;0.31;0.46;1;Bottom
0.03;0.62;0.69;1;Bottom
0.01;0.36;0.53;1;Bottom
0.01;0.25;0.62;1;Bottom
0.01;0.3;0.57;1;Bottom
0.01;0.33;0.45;1;Bottom
0.01;0.27;0.53;1;Bottom
0.03;0.21;2.12;1;Bottom
0.01;0.27;0.66;1;Bottom
0.01;0.26;0.68;1;Bottom
0.01;0.26;0.58;1;Bottom
0.01;0.27;0.75;1;Bottom
0.05;0.65;0.96;1;Bottom
0.01;0.27;0.79;1;Bottom
0.01;0.26;0.69;1;Bottom
0.02;0.21;1.88;1;Bottom
0.01;0.27;0.55;1;Bottom
0.01;0.25;1;1;Bottom
0.01;0.28;0.51;1;Bottom
0.01;0.61;0.37;1;Bottom
0.01;0.3;0.56;1;Bottom
0.01;0.26;0.54;1;Bottom
0.01;0.24;0.76;1;Bottom
0.01;0.62;0.37;1;Bottom
0.01;0.28;0.56;1;Bottom
0.01;0.28;0.58;1;Bottom
0.01;0.3;0.5;1;Bottom
0.02;0.64;0.5;1;Bottom
0.01;0.24;0.85;1;Bottom
0.01;0.27;0.56;1;Bottom
0.01;0.29;0.54;1;Bottom
0.01;0.24;1.04;1;Bottom
0.01;0.27;0.59;1;Bottom
0.01;0.26;0.7;1;Bottom
0.01;0.25;0.83;1;Bottom
0.01;0.64;0.45;1;Bottom
0.01;0.29;0.54;1;Bottom
0.01;0.25;0.83;1;Bottom
0.02;0.22;1.43;1;Bottom
0.01;0.28;0.53;1;Bottom
0.01;0.27;0.53;1;Bottom
0.04;0.64;0.82;1;Bottom
0.01;0.34;0.82;1;Bottom
0.01;0.29;0.49;1;Bottom
0.01;0.29;0.49;1;Bottom
0.02;0.22;1.49;1;Bottom
0.01;0.26;0.57;1;Bottom
0.01;0.26;0.58;1;Bottom
0.01;0.25;0.71;1;Bottom
0.01;0.6;0.34;1;Bottom
0.01;0.63;0.44;1;Bottom
0.01;0.28;0.52;1;Bottom
0.01;0.26;0.56;1;Bottom
0.01;0.3;0.51;1;Bottom
0.02;0.26;1.27;1;Bottom
0.01;0.57;0.28;1;Bottom
0.01;0.27;0.99;1;Bottom
0.01;0.63;0.41;1;Bottom
0.01;0.3;0.61;1;Bottom
0.02;0.24;1.44;1;Bottom
0.01;0.29;0.51;1;Bottom
0.01;0.28;0.83;1;Bottom
0.01;0.22;1.19;1;Bottom
0.01;0.5;0.34;1;Bottom
0.01;0.29;0.74;1;Bottom
0.01;0.26;0.54;1;Bottom
0.01;0.61;0.25;1;Bottom
0.01;0.22;1.2;1;Bottom
0.01;0.63;0.32;1;Bottom
0.01;0.27;0.56;1;Bottom
0.01;0.62;0.45;1;Bottom
0.09;0.62;1.61;1;Bottom
0.04;0.65;0.92;1;Bottom
0.01;0.32;0.44;1;Bottom
0.02;0.29;1.24;1;Bottom
0.01;0.31;0.48;1;Bottom
0.01;0.32;0.48;1;Bottom
0.01;0.62;0.47;1;Bottom
0.01;0.62;0.43;1;Bottom
0.01;0.26;0.56;1;Bottom
0.01;0.28;0.85;1;Bottom
0.02;0.22;1.55;1;Bottom
0.01;0.28;0.66;1;Bottom
0.02;0.57;0.53;1;Bottom
0.01;0.28;0.67;1;Bottom
0.02;0.22;1.86;1;Bottom
0.01;0.29;0.52;1;Bottom
0.01;0.26;0.61;1;Bottom
0.01;0.36;0.75;1;Bottom
0.01;0.26;0.86;1;Bottom
0.01;0.3;0.54;1;Bottom
0.09;0.64;1.54;1;Bottom
0.01;0.25;1.02;1;Bottom
0.02;0.28;1.43;1;Bottom
0.06;0.63;1.17;1;Bottom
0.04;0.29;2.08;1;Bottom
0.33;0.59;3.91;1;Bottom
0.01;0.63;0.3;1;Bottom
0.01;0.28;0.62;1;Bottom
0.02;0.59;0.68;1;Bottom
0.05;0.22;2.74;1;Bottom
0.01;0.29;0.71;1;Bottom
0.01;0.27;0.8;1;Bottom
0.01;0.27;0.64;1;Bottom
0.01;0.3;0.49;1;Bottom
0.01;0.25;0.73;1;Bottom
0.01;0.23;1.02;1;Bottom
0.02;0.23;1.3;1;Bottom
0.01;0.29;0.53;1;Bottom
0.05;0.22;2.91;1;Bottom
0.01;0.24;0.93;1;Bottom
0.01;0.27;0.75;1;Bottom
0.01;0.23;1.04;1;Bottom
0.01;0.27;0.54;1;Bottom
0.01;0.27;0.78;1;Bottom
0.01;0.28;0.75;1;Bottom
0.01;0.24;0.99;1;Bottom
0.01;0.64;0.24;1;Bottom
0.01;0.24;0.98;1;Bottom
0.01;0.26;0.67;1;Bottom
0.01;0.26;0.84;1;Bottom
0.01;0.23;0.8;1;Bottom
0.4;0.53;4.94;1;Bottom
0.01;0.29;0.69;1;Bottom
0.01;0.24;0.94;1;Bottom
0.01;0.22;1.21;1;Bottom
0.01;0.31;0.45;1;Bottom
0.01;0.24;0.7;1;Bottom
0.01;0.25;0.7;1;Bottom
1.06;0.31;16.32;1;Bottom
0.03;0.19;2.54;1;Bottom
0.02;0.63;0.51;1;Bottom
0.01;0.23;1.16;1;Bottom
0.01;0.32;0.6;1;Bottom
0.01;0.62;0.35;1;Bottom
0.01;0.29;0.53;1;Bottom
0.02;0.3;1.21;1;Bottom
0.01;0.56;0.44;1;Bottom
0.01;0.54;0.27;1;Bottom
0.03;0.34;1.45;1;Bottom
0.01;0.31;0.48;1;Bottom
0.01;0.26;0.64;1;Bottom
0.02;0.51;0.81;1;Bottom
0.01;0.28;0.58;1;Bottom
0.02;0.23;1.65;1;Bottom
0.03;0.23;2.21;1;Bottom
0.01;0.62;0.45;1;Bottom
0.01;0.25;0.83;1;Bottom
0.01;0.24;0.72;1;Bottom
0.01;0.31;0.48;1;Bottom
0.01;0.66;0.25;1;Bottom
0.01;0.26;0.61;1;Bottom
0.07;0.19;4.4;1;Bottom
0.01;0.6;0.46;1;Bottom
0.01;0.31;0.52;1;Bottom
0.01;0.25;0.81;1;Bottom
0.01;0.29;0.54;1;Bottom
0.01;0.32;0.68;1;Bottom
0.01;0.25;0.74;1;Bottom
0.01;0.27;0.73;1;Bottom
0.01;0.28;0.53;1;Bottom
0.01;0.65;0.43;1;Bottom
0.01;0.28;0.58;1;Bottom
0.01;0.27;0.61;1;Bottom
0.01;0.29;0.63;1;Bottom
0.01;0.28;0.68;1;Bottom
0.07;0.24;3.62;1;Bottom
0.01;0.27;1.03;1;Bottom
0.01;0.64;0.3;1;Bottom
0.01;0.26;0.73;1;Bottom
0.02;0.25;1.29;1;Bottom
0.01;0.62;0.3;1;Bottom
0.01;0.26;0.84;1;Bottom
0.01;0.26;0.65;1;Bottom
0.01;0.32;0.44;1;Bottom
0.01;0.29;0.49;1;Bottom
0.02;0.2;1.67;1;Bottom
0.01;0.25;0.72;1;Bottom
0.01;0.3;0.48;1;Bottom
0.01;0.26;0.62;1;Bottom
0.06;0.64;1.17;1;Bottom
0.01;0.28;0.5;1;Bottom
0.01;0.3;0.63;1;Bottom
0.01;0.32;0.5;1;Bottom
0.01;0.28;0.57;1;Bottom
0.01;0.31;0.45;1;Bottom
0.01;0.24;0.64;1;Bottom
0.01;0.25;0.75;1;Bottom
0.02;0.23;1.64;1;Bottom
0.01;0.3;0.49;1;Bottom
0.01;0.27;0.65;1;Bottom
0.01;0.24;0.71;1;Bottom
0.01;0.27;0.53;1;Bottom
0.01;0.58;0.43;1;Bottom
0.01;0.62;0.32;1;Bottom
0.02;0.19;1.65;1;Bottom
0.06;0.27;2.78;1;Bottom
0.02;0.66;0.6;1;Bottom
0.01;0.29;0.55;1;Bottom
0.01;0.26;0.58;1;Bottom
0.01;0.62;0.24;1;Bottom
0.01;0.26;0.69;1;Bottom
0.01;0.21;1.05;1;Bottom
0.01;0.23;0.81;1;Bottom
0.01;0.26;0.64;1;Bottom
0.01;0.25;0.75;1;Bottom
0.02;0.24;1.68;1;Bottom
0.01;0.2;1.4;1;Bottom
0.01;0.32;0.48;1;Bottom
0.01;0.25;0.66;1;Bottom
0.02;0.23;1.39;1;Bottom
0.01;0.22;1.3;1;Bottom
0.01;0.25;0.63;1;Bottom
0.01;0.24;0.69;1;Bottom
0.01;0.66;0.43;1;Bottom
0.01;0.23;1.12;1;Bottom
0.01;0.27;0.54;1;Bottom
0.01;0.29;0.87;1;Bottom
0.01;0.26;0.6;1;Bottom
0.02;0.22;1.6;1;Bottom
0.01;0.29;0.53;1;Bottom
0.02;0.63;0.6;1;Bottom
0.01;0.3;0.48;1;Bottom
0.08;0.27;3.45;1;Bottom
0.01;0.23;0.78;1;Bottom
0.01;0.25;0.6;1;Bottom
0.04;0.22;2.55;1;Bottom
0.02;0.26;1.57;1;Bottom
0.01;0.25;0.71;1;Bottom
0.02;0.27;1.15;1;Bottom
0.01;0.27;0.6;1;Bottom
0.03;0.25;1.79;1;Bottom
0.01;0.25;0.6;1;Bottom
0.01;0.29;0.51;1;Bottom
0.01;0.22;0.79;1;Bottom
0.01;0.25;0.87;1;Bottom
0.01;0.65;0.24;1;Bottom
0.03;0.63;0.7;1;Bottom
0.01;0.25;0.59;1;Bottom
0.01;0.25;0.57;1;Bottom
0.01;0.26;0.96;1;Bottom
0.01;0.24;0.61;1;Bottom
0.01;0.24;0.87;1;Bottom
0.01;0.25;0.57;1;Bottom
0.05;0.62;1.12;1;Bottom
0.01;0.27;0.53;1;Bottom
0.01;0.27;0.55;1;Bottom
0.02;0.24;1.36;1;Bottom
0.01;0.28;0.53;1;Bottom
0.01;0.25;0.59;1;Bottom
0.01;0.27;0.58;1;Bottom
0.48;0.23;12.99;1;Bottom
0.01;0.28;0.58;1;Bottom
0.01;0.3;0.52;1;Bottom
0.01;0.24;0.69;1;Bottom
0.01;0.25;0.71;1;Bottom
0.01;0.26;0.61;1;Bottom
0.01;0.27;0.78;1;Bottom
0.01;0.27;0.67;1;Bottom
0.01;0.27;0.64;1;Bottom
0.01;0.27;0.55;1;Bottom
0.01;0.28;0.81;1;Bottom
0.01;0.25;0.64;1;Bottom
0.01;0.28;0.71;1;Bottom
0.01;0.22;0.85;1;Bottom
0.01;0.66;0.23;1;Bottom
0.01;0.25;0.59;1;Bottom
0.01;0.28;0.63;1;Bottom
0.01;0.23;0.68;1;Bottom
0.01;0.3;0.55;1;Bottom
0.11;0.2;5.62;1;Bottom
0.01;0.23;0.79;1;Bottom
0.01;0.24;0.72;1;Bottom
0.01;0.28;0.52;1;Bottom
0.01;0.28;0.54;1;Bottom
0.01;0.26;0.63;1;Bottom
0.01;0.3;0.54;1;Bottom
0.01;0.32;0.58;1;Bottom
0.01;0.31;0.96;1;Bottom
0.01;0.26;0.56;1;Bottom
0.01;0.28;0.53;1;Bottom
0.01;0.64;0.41;1;Bottom
0.07;0.23;3.67;1;Bottom
0.01;0.24;0.61;1;Bottom
0.06;0.22;3.15;1;Bottom
0.01;0.23;0.99;1;Bottom
0.01;0.23;1.1;1;Bottom
0.02;0.22;1.39;1;Bottom
0.01;0.24;0.81;1;Bottom
0.01;0.25;0.89;1;Bottom
0.01;0.32;0.49;1;Bottom
0.05;0.24;2.65;1;Bottom
0.01;0.36;0.4;1;Bottom
0.04;0.26;2.33;1;Bottom
0.04;0.63;0.82;1;Bottom
0.01;0.63;0.25;1;Bottom
0.03;0.24;1.93;1;Bottom
0.01;0.26;0.57;1;Bottom
0.01;0.28;0.73;1;Bottom
0.01;0.66;0.23;1;Bottom
0.01;0.59;0.45;1;Bottom
0.01;0.26;0.59;1;Bottom
0.06;0.22;3.23;1;Bottom
0.04;0.64;0.83;1;Bottom
0.01;0.29;0.84;1;Bottom
0.01;0.26;0.82;1;Bottom
0.01;0.28;0.52;1;Bottom
0.01;0.27;0.59;1;Bottom
0.01;0.3;0.49;1;Bottom
0.01;0.25;0.59;1;Bottom
0.03;0.62;0.67;1;Bottom
0.01;0.26;0.66;1;Bottom
0.01;0.25;0.94;1;Bottom
0.01;0.31;0.72;1;Bottom
0.01;0.23;0.79;1;Bottom
0.01;0.31;0.54;1;Bottom
0.02;0.64;0.48;1;Bottom
0.01;0.64;0.29;1;Bottom
0.01;0.28;0.58;1;Bottom
0.01;0.31;0.53;1;Bottom
0.02;0.25;1.29;1;Bottom
0.01;0.31;0.48;1;Bottom
0.02;0.64;0.48;1;Bottom
0.01;0.26;0.55;1;Bottom
0.02;0.21;1.59;1;Bottom
0.01;0.25;0.59;1;Bottom
0.03;0.23;1.97;1;Bottom
0.01;0.25;0.76;1;Bottom
0.01;0.23;0.83;1;Bottom
0.01;0.23;0.92;1;Bottom
0.01;0.22;0.81;1;Bottom
0.01;0.24;0.78;1;Bottom
0.01;0.27;0.72;1;Bottom
0.01;0.21;1.35;1;Bottom
0.01;0.3;0.55;1;Bottom
0.01;0.31;0.5;1;Bottom
0.01;0.28;0.57;1;Bottom
0.05;0.24;2.81;1;Bottom
0.01;0.26;0.71;1;Bottom
0.01;0.31;0.54;1;Bottom
0.01;0.26;0.58;1;Bottom
0.01;0.24;0.62;1;Bottom
0.01;0.27;0.53;1;Bottom
0.01;0.26;0.58;1;Bottom
0.01;0.29;0.81;1;Bottom
0.02;0.19;1.61;1;Bottom
0.01;0.26;0.69;1;Bottom
0.01;0.25;0.79;1;Bottom
0.01;0.28;0.62;1;Bottom
0.03;0.18;2.81;1;Bottom
0.01;0.3;0.57;1;Bottom
0.01;0.27;0.59;1;Bottom
0.01;0.24;0.77;1;Bottom
0.02;0.23;1.43;1;Bottom
0.01;0.29;0.49;1;Bottom
0.01;0.25;0.89;1;Bottom
0.04;0.59;0.96;1;Bottom
0.02;0.23;1.42;1;Bottom
0.08;0.19;4.71;1;Bottom
0.01;0.27;0.55;1;Bottom
0.01;0.23;0.93;1;Bottom
0.05;0.64;1.03;1;Bottom
0.01;0.25;0.82;1;Bottom
0.01;0.26;0.72;1;Bottom
0.11;0.63;1.76;1;Bottom
0.01;0.25;0.74;1;Bottom
0.02;0.23;1.41;1;Bottom
0.01;0.25;0.62;1;Bottom
0.01;0.32;0.69;1;Bottom
0.02;0.65;0.51;1;Bottom
0.01;0.27;0.54;1;Bottom
0.01;0.28;0.5;1;Bottom
0.02;0.25;1.28;1;Bottom
0.01;0.23;0.95;1;Bottom
0.01;0.64;0.32;1;Bottom
0.02;0.24;1.25;1;Bottom
0.01;0.25;0.78;1;Bottom
0.01;0.24;0.59;1;Bottom
0.01;0.28;0.51;1;Bottom
0.01;0.27;0.59;1;Bottom
0.01;0.28;0.54;1;Bottom
0.03;0.64;0.68;1;Bottom
0.01;0.29;0.49;1;Bottom
0.06;0.65;1.09;1;Bottom
0.03;0.63;0.66;1;Bottom
0.01;0.23;0.97;1;Bottom
0.01;0.23;0.72;1;Bottom
0.01;0.25;0.6;1;Bottom
0.01;0.24;0.77;1;Bottom
0.01;0.64;0.27;1;Bottom
0.01;0.25;0.97;1;Bottom
0.03;0.24;1.99;1;Bottom
0.01;0.27;0.53;1;Bottom
0.01;0.26;0.55;1;Bottom
0.01;0.24;0.76;1;Bottom
0.01;0.25;0.62;1;Bottom
0.08;0.62;1.41;1;Bottom
0.01;0.27;0.58;1;Bottom
0.01;0.25;0.85;1;Bottom
0.02;0.25;1.65;1;Bottom
0.02;0.22;1.57;1;Bottom
0.01;0.27;0.54;1;Bottom
0.01;0.64;0.24;1;Bottom
0.01;0.23;0.85;1;Bottom
0.02;0.64;0.58;1;Bottom
0.01;0.3;0.56;1;Bottom
0.01;0.24;0.77;1;Bottom
0.01;0.25;0.63;1;Bottom
0.01;0.54;0.27;1;Bottom
0.01;0.29;0.54;1;Bottom
0.01;0.29;0.61;1;Bottom
0.01;0.34;0.75;1;Bottom
0.01;0.24;0.65;1;Bottom
0.02;0.24;1.24;1;Bottom
0.03;0.62;0.71;1;Bottom
0.01;0.24;0.79;1;Bottom
0.01;0.25;0.65;1;Bottom
0.01;0.24;0.78;1;Bottom
0.01;0.26;0.58;1;Bottom
0.03;0.28;1.73;1;Bottom
0.01;0.25;0.57;1;Bottom
0.01;0.28;1.03;1;Bottom
0.01;0.22;0.73;1;Bottom
0.01;0.29;0.6;1;Bottom
0.01;0.26;0.69;1;Bottom
0.01;0.26;0.58;1;Bottom
0.01;0.28;0.53;1;Bottom
0.01;0.26;0.83;1;Bottom
0.01;0.25;0.92;1;Bottom
0.01;0.3;0.47;1;Bottom
0.08;0.19;4.62;1;Bottom
0.01;0.25;0.57;1;Bottom
0.01;0.29;0.54;1;Bottom
0.01;0.29;0.57;1;Bottom
0.08;0.22;4.08;1;Bottom
0.02;0.2;2.04;1;Bottom
0.02;0.63;0.5;1;Bottom
0.01;0.3;0.51;1;Bottom
0.05;0.63;1.02;1;Bottom
0.03;0.62;0.7;1;Bottom
0.01;0.29;0.51;1;Bottom
0.01;0.28;0.55;1;Bottom
0.01;0.26;0.6;1;Bottom
0.01;0.24;0.64;1;Bottom
0.01;0.29;0.51;1;Bottom
0.02;0.29;1.4;1;Bottom
0.01;0.31;0.46;1;Bottom
0.02;0.21;1.52;1;Bottom
0.01;0.27;0.67;1;Bottom
0.01;0.24;0.59;1;Bottom
0.03;0.62;0.68;1;Bottom
0.01;0.24;0.73;1;Bottom
0.01;0.27;0.99;1;Bottom
0.02;0.23;1.34;1;Bottom
0.01;0.3;0.51;1;Bottom
0.01;0.65;0.26;1;Bottom
0.03;0.27;1.59;1;Bottom
0.01;0.27;0.53;1;Bottom
0.01;0.65;0.37;1;Bottom
0.01;0.23;0.9;1;Bottom
0.01;0.27;0.68;1;Bottom
0.01;0.63;0.45;1;Bottom
0.01;0.23;1.05;1;Bottom
0.01;0.25;0.58;1;Bottom
0.01;0.26;0.6;1;Bottom
0.01;0.26;0.56;1;Bottom
0.01;0.31;0.58;1;Bottom
0.01;0.23;0.64;1;Bottom
0.01;0.24;0.63;1;Bottom
0.02;0.61;0.5;1;Bottom
0.01;0.25;0.59;1;Bottom
0.1;0.21;4.98;1;Bottom
0.01;0.26;0.56;1;Bottom
0.01;0.24;0.63;1;Bottom
0.05;0.27;2.56;1;Bottom
0.01;0.29;0.5;1;Bottom
0.03;0.21;2.02;1;Bottom
0.01;0.25;0.66;1;Bottom
0.01;0.24;0.82;1;Bottom
0.01;0.25;0.84;1;Bottom
0.01;0.59;0.49;1;Bottom
0.01;0.26;0.6;1;Bottom
0.01;0.28;0.52;1;Bottom
0.09;0.17;5.64;1;Bottom
0.01;0.27;0.59;1;Bottom
0.01;0.27;0.97;1;Bottom
0.01;0.26;0.67;1;Bottom
0.01;0.26;0.59;1;Bottom
0.01;0.29;0.53;1;Bottom
0.01;0.29;0.73;1;Bottom
0.01;0.24;0.59;1;Bottom
0.02;0.25;1.29;1;Bottom
0.02;0.27;1.08;1;Bottom
0.01;0.26;0.61;1;Bottom
0.01;0.28;0.71;1;Bottom
0.01;0.3;0.86;1;Bottom
0.01;0.29;0.64;1;Bottom
0.01;0.26;0.6;1;Bottom
0.17;0.62;2.36;1;Bottom
0.01;0.28;0.55;1;Bottom
0.01;0.24;1.13;1;Bottom
0.01;0.58;0.34;1;Bottom
0.01;0.22;0.68;1;Bottom
0.02;0.24;1.56;1;Bottom
0.01;0.22;1.21;1;Bottom
0.09;0.64;1.53;1;Bottom
0.01;0.29;0.82;1;Bottom
0.01;0.46;0.35;1;Bottom
0.01;0.29;0.63;1;Bottom
0.02;0.24;1.33;1;Bottom
0.01;0.67;0.23;1;Bottom
0.01;0.3;0.5;1;Bottom
0.01;0.28;0.55;1;Bottom
0.01;0.25;1.16;1;Bottom
0.01;0.25;0.69;1;Bottom
0.01;0.29;0.69;1;Bottom
0.01;0.25;0.67;1;Bottom
0.01;0.26;0.56;1;Bottom
0.01;0.28;0.55;1;Bottom
0.01;0.31;0.51;1;Bottom
0.08;0.18;5.03;1;Bottom
0.01;0.3;0.48;1;Bottom
0.02;0.28;1.21;1;Bottom
0.01;0.27;0.56;1;Bottom
0.01;0.29;0.64;1;Bottom
0.01;0.59;0.4;1;Bottom
0.01;0.29;0.51;1;Bottom
0.01;0.26;0.55;1;Bottom
0.01;0.23;0.71;1;Bottom
0.02;0.64;0.48;1;Bottom
0.01;0.28;0.52;1;Bottom
0.01;0.25;0.78;1;Bottom
0.01;0.27;0.86;1;Bottom
0.03;0.26;1.65;1;Bottom
0.01;0.26;0.74;1;Bottom
0.01;0.24;1.02;1;Bottom
0.01;0.3;0.51;1;Bottom
0.01;0.3;0.52;1;Bottom
0.01;0.27;0.59;1;Bottom
0.01;0.27;0.52;1;Bottom
0.02;0.23;1.36;1;Bottom
0.01;0.24;0.67;1;Bottom
0.03;0.21;2.19;1;Bottom
0.01;0.28;0.95;1;Bottom
0.01;0.27;0.56;1;Bottom
0.05;0.22;2.96;1;Bottom
0.01;0.26;0.56;1;Bottom
0.01;0.24;0.62;1;Bottom
0.01;0.25;0.8;1;Bottom
0.01;0.26;0.69;1;Bottom
0.01;0.27;0.54;1;Bottom
0.01;0.64;0.28;1;Bottom
0.01;0.3;0.49;1;Bottom
0.01;0.31;0.55;1;Bottom
0.01;0.28;0.51;1;Bottom
0.02;0.24;1.68;1;Bottom
0.01;0.29;0.73;1;Bottom
0.01;0.23;0.63;1;Bottom
0.02;0.24;1.27;1;Bottom
0.01;0.21;0.75;1;Bottom
0.01;0.3;0.54;1;Bottom
0.01;0.64;0.45;1;Bottom
0.02;0.63;0.52;1;Bottom
0.01;0.28;0.54;1;Bottom
0.01;0.27;0.54;1;Bottom
0.02;0.56;0.74;1;Bottom
0.01;0.26;0.81;1;Bottom
0.02;0.27;1.3;1;Bottom
0.01;0.28;0.51;1;Bottom
0.03;0.22;2.07;1;Bottom
0.01;0.24;0.66;1;Bottom
0.02;0.2;1.82;1;Bottom
0.03;0.42;1.03;1;Bottom
0.01;0.27;0.79;1;Bottom
0.01;0.63;0.3;1;Bottom
0.01;0.23;0.81;1;Bottom
0.06;0.34;2.04;1;Bottom
0.01;0.23;0.63;1;Bottom
0.01;0.28;0.56;1;Bottom
0.01;0.29;0.67;1;Bottom
0.01;0.29;0.52;1;Bottom
0.01;0.24;0.7;1;Bottom
0.01;0.31;0.61;1;Bottom
0.02;0.2;1.75;1;Bottom
0.01;0.24;1.15;1;Bottom
0.01;0.29;0.56;1;Bottom
0.01;0.26;0.58;1;Bottom
0.01;0.28;0.86;1;Bottom
0.01;0.24;0.64;1;Bottom
0.01;0.25;0.62;1;Bottom
0.01;0.62;0.33;1;Bottom
0.01;0.23;0.93;1;Bottom
0.04;0.17;3.29;1;Bottom
0.01;0.25;0.85;1;Bottom
0.01;0.63;0.28;1;Bottom
0.01;0.27;0.6;1;Bottom
0.01;0.28;0.53;1;Bottom
0.01;0.28;0.55;1;Bottom
0.01;0.27;0.53;1;Bottom
0.01;0.31;0.51;1;Bottom
0.01;0.28;0.54;1;Bottom
0.86;0.45;9.81;1;Bottom
0.01;0.27;0.76;1;Bottom
0.01;0.28;0.52;1;Bottom
0.01;0.31;0.53;1;Bottom
0.01;0.24;1.01;1;Bottom
0.01;0.29;0.67;1;Bottom
0.01;0.21;1.06;1;Bottom
0.01;0.29;0.52;1;Bottom
0.01;0.29;0.57;1;Bottom
0.01;0.25;0.73;1;Bottom
0.01;0.44;0.43;1;Bottom
0.11;0.22;5.01;1;Bottom
0.01;0.27;0.53;1;Bottom
0.01;0.3;0.58;1;Bottom
0.01;0.24;0.64;1;Bottom
0.01;0.29;0.53;1;Bottom
0.04;0.46;1.18;1;Bottom
0.01;0.21;1.29;1;Bottom
0.01;0.39;0.37;1;Bottom
0.01;0.29;0.49;1;Bottom
0.01;0.23;0.74;1;Bottom
0.01;0.25;0.72;1;Bottom
0.02;0.65;0.47;1;Bottom
0.01;0.26;0.76;1;Bottom
0.01;0.31;0.47;1;Bottom
0.01;0.24;0.76;1;Bottom
0.01;0.31;0.58;1;Bottom
0.01;0.25;0.68;1;Bottom
0.01;0.31;0.48;1;Bottom
0.01;0.28;0.52;1;Bottom
0.02;0.23;1.33;1;Bottom
0.01;0.25;0.74;1;Bottom
0.01;0.47;0.59;1;Bottom
0.01;0.23;0.67;1;Bottom
0.01;0.24;1.02;1;Bottom
0.01;0.28;1.05;1;Bottom
0.01;0.25;0.92;1;Bottom
0.01;0.6;0.3;1;Bottom
0.01;0.27;0.59;1;Bottom
0.01;0.28;0.57;1;Bottom
0.01;0.24;0.59;1;Bottom
0.01;0.26;0.63;1;Bottom
0.01;0.25;0.59;1;Bottom
0.01;0.28;0.56;1;Bottom
0.01;0.29;0.53;1;Bottom
0.01;0.25;0.73;1;Bottom
0.01;0.54;0.28;1;Bottom
0.01;0.26;0.74;1;Bottom
0.01;0.29;0.53;1;Bottom
0.01;0.29;0.71;1;Bottom
0.01;0.28;0.54;1;Bottom
0.01;0.32;0.86;1;Bottom
0.04;0.54;1.09;1;Bottom
0.01;0.25;0.88;1;Bottom
0.01;0.25;0.58;1;Bottom
0.01;0.32;0.49;1;Bottom
0.01;0.24;0.78;1;Bottom
0.01;0.27;0.55;1;Bottom
0.05;0.22;3;1;Bottom
0.05;0.48;1.36;1;Bottom
0.01;0.24;0.91;1;Bottom
0.01;0.24;0.7;1;Bottom
0.01;0.27;0.56;1;Bottom
0.01;0.24;0.67;1;Bottom
0.01;0.26;0.58;1;Bottom
0.02;0.62;0.53;1;Bottom
0.01;0.3;0.5;1;Bottom
0.01;0.23;0.92;1;Bottom
0.01;0.28;0.53;1;Bottom
0.01;0.27;0.57;1;Bottom
0.01;0.27;0.53;1;Bottom
0.01;0.28;0.6;1;Bottom
0.01;0.26;0.85;1;Bottom
0.01;0.3;0.52;1;Bottom
0.01;0.25;0.84;1;Bottom
0.01;0.27;0.63;1;Bottom
0.01;0.28;0.52;1;Bottom
0.01;0.27;0.53;1;Bottom
0.01;0.31;0.48;1;Bottom
0.01;0.24;1.11;1;Bottom
0.01;0.23;0.85;1;Bottom
0.03;0.21;2.34;1;Bottom
0.01;0.27;0.54;1;Bottom
0.01;0.28;0.55;1;Bottom
0.04;0.61;0.89;1;Bottom
0.03;0.54;0.78;1;Bottom
0.01;0.6;0.37;1;Bottom
0.01;0.24;0.68;1;Bottom
0.02;0.6;0.51;1;Bottom
0.01;0.51;0.56;1;Bottom
0.01;0.3;0.48;1;Bottom
0.02;0.47;0.65;1;Bottom
0.01;0.27;0.54;1;Bottom
0.01;0.33;0.62;1;Bottom
0.01;0.3;0.53;1;Bottom
0.01;0.24;0.68;1;Bottom
0.01;0.26;0.96;1;Bottom
0.01;0.25;0.67;1;Bottom
0.02;0.25;1.2;1;Bottom
0.01;0.24;0.75;1;Bottom
0.02;0.24;1.33;1;Bottom
0.02;0.27;1.29;1;Bottom
0.01;0.31;0.55;1;Bottom
0.01;0.26;0.57;1;Bottom
0.01;0.29;0.5;1;Bottom
0.01;0.26;0.87;1;Bottom
0.01;0.28;0.52;1;Bottom
0.01;0.27;0.56;1;Bottom
0.01;0.28;0.66;1;Bottom
0.01;0.53;0.41;1;Bottom
0.01;0.25;1.03;1;Bottom
0.01;0.6;0.24;1;Bottom
0.01;0.24;0.66;1;Bottom
0.01;0.26;0.57;1;Bottom
0.01;0.25;0.6;1;Bottom
0.01;0.25;0.6;1;Bottom
0.01;0.25;1.16;1;Bottom
0.01;0.31;0.77;1;Bottom
0.01;0.28;0.56;1;Bottom
0.01;0.59;0.25;1;Bottom
0.01;0.27;0.54;1;Bottom
0.01;0.26;0.59;1;Bottom
0.01;0.26;0.81;1;Bottom
0.02;0.24;1.37;1;Bottom
0.01;0.24;0.61;1;Bottom
0.01;0.26;0.55;1;Bottom
0.01;0.26;0.54;1;Bottom
0.01;0.26;0.9;1;Bottom
0.01;0.28;0.65;1;Bottom
0.01;0.32;0.45;1;Bottom
0.01;0.25;0.58;1;Bottom
0.01;0.25;0.59;1;Bottom
0.02;0.22;1.42;1;Bottom
0.01;0.25;0.58;1;Bottom
0.01;0.28;0.55;1;Bottom
0.01;0.25;0.57;1;Bottom
0.01;0.25;0.57;1;Bottom
0.01;0.33;0.45;1;Bottom
0.96;0.23;20.25;1;Bottom
0.01;0.3;0.52;1;Bottom
0.01;0.3;0.57;1;Bottom
0.01;0.24;0.98;1;Bottom
0.01;0.27;0.55;1;Bottom
0.01;0.26;0.55;1;Bottom
0.01;0.27;0.56;1;Bottom
0.01;0.25;0.87;1;Bottom
0.03;0.22;1.93;1;Bottom
0.01;0.28;0.51;1;Bottom
0.01;0.26;0.58;1;Bottom
0.01;0.24;0.84;1;Bottom
0.01;0.34;0.54;1;Bottom
0.01;0.25;0.84;1;Bottom
0.03;0.23;1.93;1;Bottom
0.01;0.22;1.02;1;Bottom
0.01;0.29;0.58;1;Bottom
0.01;0.25;0.56;1;Bottom
0.01;0.31;0.49;1;Bottom
0.01;0.23;1.02;1;Bottom
0.01;0.28;0.87;1;Bottom
0.01;0.28;0.72;1;Bottom
0.01;0.28;0.53;1;Bottom
0.01;0.22;1.03;1;Bottom
0.01;0.28;0.5;1;Bottom
0.01;0.26;0.81;1;Bottom
0.01;0.24;0.84;1;Bottom
0.01;0.28;0.51;1;Bottom
0.01;0.24;0.61;1;Bottom
0.01;0.27;0.55;1;Bottom
0.01;0.22;0.82;1;Bottom
0.05;0.22;2.97;1;Bottom
0.01;0.24;0.68;1;Bottom
0.01;0.28;0.75;1;Bottom
0.01;0.33;0.45;1;Bottom
0.01;0.26;0.66;1;Bottom
0.01;0.26;0.58;1;Bottom
0.01;0.26;0.57;1;Bottom
0.02;0.23;1.36;1;Bottom
0.02;0.23;1.67;1;Bottom
0.01;0.28;0.53;1;Bottom
0.01;0.25;0.62;1;Bottom
0.01;0.26;0.56;1;Bottom
0.01;0.3;0.53;1;Bottom
0.01;0.31;0.48;1;Bottom
0.02;0.24;1.37;1;Bottom
0.01;0.24;0.66;1;Bottom
0.01;0.3;0.83;1;Bottom
0.01;0.28;0.56;1;Bottom
0.01;0.26;0.59;1;Bottom
0.01;0.25;0.76;1;Bottom
0.01;0.28;0.54;1;Bottom
0.01;0.26;0.73;1;Bottom
0.01;0.28;0.55;1;Bottom
0.01;0.28;0.52;1;Bottom
0.03;0.25;2;1;Bottom
0.01;0.27;0.53;1;Bottom
0.01;0.26;0.57;1;Bottom
0.01;0.24;0.6;1;Bottom
0.01;0.23;0.76;1;Bottom
0.01;0.29;0.53;1;Bottom
0.01;0.24;0.73;1;Bottom
0.01;0.26;0.58;1;Bottom
0.01;0.3;0.52;1;Bottom
0.01;0.28;0.6;1;Bottom
0.01;0.24;0.75;1;Bottom
0.01;0.27;0.62;1;Bottom
0.01;0.28;0.57;1;Bottom
0.01;0.26;0.57;1;Bottom
0.01;0.32;0.45;1;Bottom
0.01;0.26;0.75;1;Bottom
0.01;0.25;0.81;1;Bottom
0.01;0.3;0.52;1;Bottom
0.01;0.27;0.58;1;Bottom
0.01;0.25;0.7;1;Bottom
0.01;0.25;0.64;1;Bottom
0.01;0.26;0.61;1;Bottom
0.01;0.24;0.58;1;Bottom
0.01;0.26;0.56;1;Bottom
0.01;0.27;0.65;1;Bottom
0.01;0.24;0.74;1;Bottom
0.01;0.25;0.92;1;Bottom
0.01;0.27;0.56;1;Bottom
0.01;0.27;0.55;1;Bottom
0.01;0.25;0.57;1;Bottom
0.01;0.23;0.71;1;Bottom
0.01;0.29;0.55;1;Bottom
0.01;0.29;0.52;1;Bottom
0.01;0.25;0.57;1;Bottom
0.01;0.25;0.65;1;Bottom
0.01;0.28;0.51;1;Bottom
0.01;0.26;0.55;1;Bottom
0.01;0.25;1.05;1;Bottom
0.02;0.37;1.05;1;Bottom
0.01;0.29;0.79;1;Bottom
0.01;0.29;0.61;1;Bottom
0.01;0.25;0.6;1;Bottom
0.01;0.27;0.55;1;Bottom
0.01;0.23;0.89;1;Bottom
0.01;0.22;0.98;1;Bottom
0.01;0.28;0.61;1;Bottom
0.01;0.26;0.55;1;Bottom
0.01;0.22;0.97;1;Bottom
0.04;0.23;2.53;1;Bottom
0.01;0.25;0.62;1;Bottom
0.02;0.24;1.43;1;Bottom
0.01;0.23;0.69;1;Bottom
0.01;0.25;0.67;1;Bottom
0.01;0.3;0.52;1;Bottom
0.01;0.26;0.56;1;Bottom
0.01;0.26;0.55;1;Bottom
0.01;0.3;0.49;1;Bottom
0.01;0.26;0.94;1;Bottom
0.01;0.22;0.82;1;Bottom
0.01;0.27;0.55;1;Bottom
0.01;0.3;0.5;1;Bottom
0.01;0.23;0.71;1;Bottom
0.01;0.24;0.6;1;Bottom
0.01;0.29;0.77;1;Bottom
0.03;0.22;1.91;1;Bottom
0.01;0.25;0.75;1;Bottom
0.02;0.23;1.3;1;Bottom
0.01;0.24;0.63;1;Bottom
0.01;0.26;1.11;1;Bottom
0.01;0.26;0.59;1;Bottom
0.01;0.27;0.57;1;Bottom
0.01;0.24;0.8;1;Bottom
0.01;0.27;0.55;1;Bottom
0.01;0.26;0.59;1;Bottom
0.01;0.22;0.83;1;Bottom
0.01;0.28;0.87;1;Bottom
0.01;0.23;0.68;1;Bottom
0.01;0.24;0.6;1;Bottom
0.01;0.26;0.57;1;Bottom
0.01;0.24;0.77;1;Bottom
0.04;0.62;0.89;1;Bottom
0.01;0.28;0.51;1;Bottom
0.01;0.25;0.65;1;Bottom
0.01;0.24;0.73;1;Bottom
0.01;0.29;0.55;1;Bottom
0.01;0.27;0.56;1;Bottom
0.01;0.31;0.58;1;Bottom
0.01;0.32;0.47;1;Bottom
0.03;0.22;2.27;1;Bottom
0.01;0.29;0.74;1;Bottom
0.01;0.25;0.62;1;Bottom
0.06;0.18;3.97;1;Bottom
